Date,WD,value
2/1/10,25900,A
2/2/10,21000,A
2/3/10,19800,A
2/4/10,19800,A
2/5/10,20200,A
2/6/10,33400,A
2/7/10,37400,A
2/8/10,29400,A
2/9/10,25000,A
2/10/10,26800,A
2/11/10,23900,A
2/12/10,21800,A
2/13/10,19300,A
2/14/10,18400,A
2/15/10,16500,A
2/16/10,16100,A
2/17/10,14300,A
2/18/10,13900,A
2/19/10,12400,A
2/20/10,10200,A
2/21/10,16400,A
2/22/10,14900,A
2/23/10,25200,A
2/24/10,37600,A
2/25/10,38200,A
2/26/10,35900,A
2/27/10,30600,A
2/28/10,25000,A
3/1/10,20000,A
3/2/10,22200,A
3/3/10,20000,A
3/4/10,18800,A
3/5/10,17900,A
3/6/10,15700,A
3/7/10,18000,A
3/8/10,18200,A
3/9/10,21500,A
3/10/10,32200,A
3/11/10,53900,A:e
3/12/10,73300,A:e
3/13/10,142000,A:e
3/14/10,139000,A
3/15/10,112000,A
3/16/10,93500,A
3/17/10,79400,A
3/18/10,64800,A
3/19/10,47700,A
3/20/10,37100,A
3/21/10,32300,A
3/22/10,30800,A
3/23/10,41900,A
3/24/10,55900,A
3/25/10,48300,A
3/26/10,45700,A
3/27/10,42400,A
3/28/10,38500,A
3/29/10,35900,A
3/30/10,39200,A
3/31/10,41300,A
4/1/10,33100,A
4/2/10,24600,A
4/3/10,20700,A
4/4/10,17600,A
4/5/10,14900,A
4/6/10,19300,A
4/7/10,18800,A
4/8/10,18400,A
4/9/10,18100,A
4/10/10,16800,A
4/11/10,21300,A
4/12/10,15100,A
4/13/10,14900,A
4/14/10,14700,A
4/15/10,13000,A
4/16/10,9800,A:e
4/17/10,11300,A
4/18/10,10200,A
4/19/10,10200,A
4/20/10,10300,A
4/21/10,8970,A:e
4/22/10,10400,A
4/23/10,8260,A:e
4/24/10,7930,A:e
4/25/10,8490,A:e
4/26/10,11500,A
4/27/10,11300,A
4/28/10,11600,A
4/29/10,13000,A
4/30/10,9980,A:e
5/1/10,12300,A
5/2/10,10900,A:e
5/3/10,24700,A
5/4/10,26900,A
5/5/10,20900,A
5/6/10,17100,A
5/7/10,11900,A
5/8/10,9810,A:e
5/9/10,9080,A:e
5/10/10,8460,A:e
5/11/10,8020,A:e
5/12/10,11200,A
5/13/10,32300,A
5/14/10,37500,A
5/15/10,31800,A
5/16/10,24000,A
5/17/10,25700,A
5/18/10,48200,A
5/19/10,48700,A
5/20/10,36600,A
5/21/10,27400,A
5/22/10,21300,A
5/23/10,18200,A
5/24/10,14600,A:e
5/25/10,13100,A
5/26/10,11000,A:e
5/27/10,10600,A
5/28/10,9190,A:e
5/29/10,10600,A:e
5/30/10,13700,A
5/31/10,10800,A
6/1/10,9720,A:e
6/2/10,10300,A
6/3/10,10400,A
6/4/10,9190,A:e
6/5/10,8640,A:e
6/6/10,7830,A:e
6/7/10,7610,A:e
6/8/10,6880,A:e
6/9/10,6950,A:e
6/10/10,6750,A:e
6/11/10,5900,A:e
6/12/10,6050,A:e
6/13/10,19500,A
6/14/10,21100,A
6/15/10,16800,A
6/16/10,15200,A
6/17/10,11500,A
6/18/10,8620,A:e
6/19/10,7730,A:e
6/20/10,6360,A:e
6/21/10,5800,A:e
6/22/10,5740,A:e
6/23/10,5390,A:e
6/24/10,5180,A:e
6/25/10,4540,A:e
6/26/10,4510,A:e
6/27/10,4120,A:e
6/28/10,4650,A:e
6/29/10,5120,A:e
6/30/10,4390,A:e
7/1/10,3800,A:e
7/2/10,3470,A:e
7/3/10,3250,A:e
7/4/10,3070,A:e
7/5/10,3050,A:e
7/6/10,2840,A:e
7/7/10,2700,A:e
7/8/10,2580,A:e
7/9/10,2490,A:e
7/10/10,2630,A:e
7/11/10,2550,A:e
7/12/10,2490,A:e
7/13/10,3290,A:e
7/14/10,5920,A:e
7/15/10,7720,A:e
7/16/10,6840,A:e
7/17/10,5080,A:e
7/18/10,4560,A:e
7/19/10,4300,A:e
7/20/10,6150,A:e
7/21/10,15600,A:e
7/22/10,15600,A:e
7/23/10,11200,A:e
7/24/10,7090,A:e
7/25/10,5510,A:e
7/26/10,6810,A:e
7/27/10,5000,A:e
7/28/10,3600,A:e
7/29/10,3500,A:e
7/30/10,3980,A:e
7/31/10,3960,A:e
8/1/10,4020,A:e
8/2/10,3860,A:e
8/3/10,3970,A:e
8/4/10,4440,A:e
8/5/10,5650,A:e
8/6/10,4460,A:e
8/7/10,3880,A:e
8/8/10,3750,A:e
8/9/10,3720,A:e
8/10/10,3450,A:e
8/11/10,3350,A:e
8/12/10,3800,A:e
8/13/10,3880,A:e
8/14/10,3480,A:e
8/15/10,3820,A:e
8/16/10,3390,A:e
8/17/10,3060,A:e
8/18/10,3620,A:e
8/19/10,5900,A:e
8/20/10,6880,A:e
8/21/10,7530,A:e
8/22/10,8270,A:e
8/23/10,5930,A:e
8/24/10,4610,A:e
8/25/10,3920,A:e
8/26/10,4850,A:e
8/27/10,5410,A:e
8/28/10,4950,A:e
8/29/10,4410,A:e
8/30/10,3510,A:e
8/31/10,2970,A:e
9/1/10,2630,A:e
9/2/10,2310,A:e
9/3/10,2200,A:e
9/4/10,2320,A:e
9/5/10,2370,A:e
9/6/10,2270,A:e
9/7/10,2190,A:e
9/8/10,2240,A:e
9/9/10,2300,A:e
9/10/10,2810,A:e
9/11/10,3190,A:e
9/12/10,3120,A:e
9/13/10,3270,A:e
9/14/10,2720,A:e
9/15/10,2230,A:e
9/16/10,2330,A:e
9/17/10,2890,A:e
9/18/10,3400,A:e
9/19/10,3350,A:e
9/20/10,3030,A:e
9/21/10,2830,A:e
9/22/10,2390,A:e
9/23/10,2700,A:e
9/24/10,3470,A:e
9/25/10,3610,A:e
9/26/10,3640,A:e
9/27/10,3120,A:e
9/28/10,2840,A:e
9/29/10,2880,A:e
9/30/10,5120,A:e
10/1/10,5160,A:e
10/2/10,4730,A:e
10/3/10,5580,A:e
10/4/10,5690,A:e
10/5/10,4050,A:e
10/6/10,3250,A:e
10/7/10,3130,A:e
10/8/10,3890,A:e
10/9/10,4430,A:e
10/10/10,4200,A:e
10/11/10,3700,A:e
10/12/10,3050,A:e
10/13/10,2610,A:e
10/14/10,2670,A:e
10/15/10,2460,A:e
10/16/10,2950,A:e
10/17/10,4120,A:e
10/18/10,3680,A:e
10/19/10,2870,A:e
10/20/10,2640,A:e
10/21/10,2560,A:e
10/22/10,2500,A:e
10/23/10,2530,A:e
10/24/10,2510,A:e
10/25/10,2520,A:e
10/26/10,2470,A:e
10/27/10,2750,A:e
10/28/10,3180,A:e
10/29/10,3970,A:e
10/30/10,4910,A:e
10/31/10,4270,A:e
11/1/10,3190,A:e
11/2/10,3840,A:e
11/3/10,4160,A:e
11/4/10,4600,A:e
11/5/10,6400,A:e
11/6/10,8530,A:e
11/7/10,7850,A:e
11/8/10,7150,A:e
11/9/10,6190,A:e
11/10/10,6170,A:e
11/11/10,6870,A:e
11/12/10,5990,A:e
11/13/10,4970,A:e
11/14/10,4430,A:e
11/15/10,4250,A:e
11/16/10,4530,A:e
11/17/10,4990,A:e
11/18/10,6050,A:e
11/19/10,6070,A:e
11/20/10,5870,A:e
11/21/10,5860,A:e
11/22/10,5740,A:e
11/23/10,5430,A:e
11/24/10,5120,A:e
11/25/10,5240,A:e
11/26/10,5560,A:e
11/27/10,6010,A:e
11/28/10,6530,A:e
11/29/10,6580,A:e
11/30/10,6910,A:e
12/1/10,31000,A:e
12/2/10,41500,A
12/3/10,53100,A
12/4/10,28700,A
12/5/10,20100,A
12/6/10,16800,A
12/7/10,10700,A
12/8/10,10800,A
12/9/10,6340,A:e
12/10/10,5500,A:e
12/11/10,5390,A:e
12/12/10,6960,A:e
12/13/10,11700,A:e
12/14/10,11100,A:e
12/15/10,9790,A:e
12/16/10,9370,A:e
12/17/10,7380,A:e
12/18/10,6690,A:e
12/19/10,6710,A:e
12/20/10,6990,A:e
12/21/10,6970,A:e
12/22/10,7870,A:e
12/23/10,7750,A:e
12/24/10,7690,A:e
12/25/10,5700,A:e
12/26/10,5590,A:e
12/27/10,5730,A:e
12/28/10,5720,A:e
12/29/10,7100,A:e
12/30/10,6970,A:e
12/31/10,7240,A:e
1/1/11,13900,A:e
1/2/11,25500,A
1/3/11,30500,A
1/4/11,29200,A
1/5/11,25700,A
1/6/11,22300,A
1/7/11,13800,A
1/8/11,13000,A
1/9/11,13700,A
1/10/11,7030,A:e
1/11/11,5840,A:e
1/12/11,5790,A:e
1/13/11,5510,A:e
1/14/11,5710,A:e
1/15/11,5310,A:e
1/16/11,5640,A:e
1/17/11,5530,A:e
1/18/11,5610,A:e
1/19/11,8170,A:e
1/20/11,13100,A:e
1/21/11,11900,A:e
1/22/11,10600,A:e
1/23/11,9160,A:e
1/24/11,7490,A:e
1/25/11,6940,A:e
1/26/11,9390,A:e
1/27/11,14600,A
1/28/11,15400,A
1/29/11,11000,A:e
1/30/11,12700,A
1/31/11,14500,A
2/1/11,14100,A
2/2/11,22600,A
2/3/11,30500,A
2/4/11,35300,A
2/5/11,29700,A
2/6/11,23300,A
2/7/11,18400,A
2/8/11,16500,A
2/9/11,16000,A
2/10/11,12300,A
2/11/11,10000,A
2/12/11,8720,A:e
2/13/11,7960,A:e
2/14/11,7410,A:e
2/15/11,7760,A:e
2/16/11,8260,A:e
2/17/11,7920,A:e
2/18/11,8450,A:e
2/19/11,11800,A:e
2/20/11,13700,A:e
2/21/11,15200,A
2/22/11,13800,A
2/23/11,18200,A
2/24/11,16400,A
2/25/11,24700,A
2/26/11,33800,A
2/27/11,37300,A
2/28/11,38400,A
3/1/11,56200,A
3/2/11,63400,A
3/3/11,57600,A
3/4/11,35700,A
3/5/11,25500,A
3/6/11,33500,A
3/7/11,73400,A
3/8/11,91900,A
3/9/11,72500,A
3/10/11,70700,A
3/11/11,85300,A
3/12/11,77000,A:e
3/13/11,62100,A
3/14/11,45500,A
3/15/11,42600,A
3/16/11,38900,A
3/17/11,34400,A
3/18/11,28600,A
3/19/11,27000,A
3/20/11,26400,A
3/21/11,25700,A
3/22/11,23800,A
3/23/11,29000,A:e
3/24/11,34000,A:e
3/25/11,44000,A:e
3/26/11,42000,A:e
3/27/11,34600,A
3/28/11,26900,A
3/29/11,21900,A
3/30/11,16800,A:e
3/31/11,15500,A
4/1/11,15900,A
4/2/11,16400,A
4/3/11,15800,A:e
4/4/11,16000,A:e
4/5/11,26000,A:e
4/6/11,45400,A
4/7/11,49500,A
4/8/11,36900,A
4/9/11,32500,A
4/10/11,53700,A
4/11/11,57500,A
4/12/11,47200,A
4/13/11,37600,A
4/14/11,53100,A
4/15/11,42800,A
4/16/11,31900,A
4/17/11,50000,A:e
4/18/11,55700,A
4/19/11,58500,A
4/20/11,39300,A
4/21/11,25900,A
4/22/11,20300,A
4/23/11,22900,A:e
4/24/11,25500,A
4/25/11,20300,A
4/26/11,25800,A:e
4/27/11,21700,A
4/28/11,37000,A:e
4/29/11,61700,A
4/30/11,63300,A
5/1/11,30900,A
5/2/11,21700,A
5/3/11,18400,A
5/4/11,20700,A
5/5/11,19500,A
5/6/11,32000,A:e
5/7/11,25500,A
5/8/11,20700,A
5/9/11,20600,A
5/10/11,18800,A
5/11/11,17700,A
5/12/11,14900,A:e
5/13/11,11900,A
5/14/11,20400,A:e
5/15/11,26000,A:e
5/16/11,25200,A
5/17/11,24400,A
5/18/11,28700,A
5/19/11,38400,A
5/20/11,38500,A
5/21/11,29900,A
5/22/11,23600,A
5/23/11,19800,A
5/24/11,18200,A
5/25/11,15900,A
5/26/11,14800,A
5/27/11,14200,A
5/28/11,17800,A
5/29/11,23800,A
5/30/11,16900,A
5/31/11,13600,A
6/1/11,9500,A
6/2/11,11000,A
6/3/11,8210,A:e
6/4/11,7440,A:e
6/5/11,7110,A:e
6/6/11,7300,A:e
6/7/11,7040,A:e
6/8/11,7370,A:e
6/9/11,7280,A:e
6/10/11,6030,A:e
6/11/11,5620,A:e
6/12/11,6100,A:e
6/13/11,5900,A:e
6/14/11,5410,A:e
6/15/11,5260,A:e
6/16/11,4740,A:e
6/17/11,4670,A:e
6/18/11,4270,A:e
6/19/11,4410,A:e
6/20/11,9400,A:e
6/21/11,11900,A:e
6/22/11,9260,A:e
6/23/11,7930,A:e
6/24/11,8170,A:e
6/25/11,6790,A:e
6/26/11,5970,A:e
6/27/11,5940,A:e
6/28/11,5530,A:e
6/29/11,5570,A:e
6/30/11,5330,A:e
7/1/11,5160,A:e
7/2/11,4330,A:e
7/3/11,3800,A:e
7/4/11,3820,A:e
7/5/11,3920,A:e
7/6/11,4820,A:e
7/7/11,6060,A:e
7/8/11,6240,A:e
7/9/11,6730,A:e
7/10/11,7140,A:e
7/11/11,6200,A:e
7/12/11,5500,A:e
7/13/11,4580,A:e
7/14/11,3710,A:e
7/15/11,3470,A:e
7/16/11,3320,A:e
7/17/11,3240,A:e
7/18/11,2990,A:e
7/19/11,3360,A:e
7/20/11,6320,A:e
7/21/11,5610,A:e
7/22/11,4270,A:e
7/23/11,4550,A:e
7/24/11,4490,A:e
7/25/11,4160,A:e
7/26/11,5070,A:e
7/27/11,5740,A:e
7/28/11,5180,A:e
7/29/11,4110,A:e
7/30/11,3870,A:e
7/31/11,3300,A:e
8/1/11,2750,A:e
8/2/11,2690,A:e
8/3/11,3460,A:e
8/4/11,3200,A:e
8/5/11,3000,A:e
8/6/11,3010,A:e
8/7/11,3000,A:e
8/8/11,2860,A:e
8/9/11,2860,A:e
8/10/11,3040,A:e
8/11/11,2790,A:e
8/12/11,2570,A:e
8/13/11,2430,A:e
8/14/11,2480,A:e
8/15/11,2670,A:e
8/16/11,2750,A:e
8/17/11,2670,A:e
8/18/11,2580,A:e
8/19/11,2650,A:e
8/20/11,2780,A:e
8/21/11,3120,A:e
8/22/11,3550,A:e
8/23/11,2940,A:e
8/24/11,2740,A:e
8/25/11,2790,A:e
8/26/11,2810,A:e
8/27/11,2560,A:e
8/28/11,2470,A:e
8/29/11,2780,A:e
8/30/11,2820,A:e
8/31/11,2420,A:e
9/1/11,2260,A:e
9/2/11,2270,A:e
9/3/11,2320,A:e
9/4/11,2850,A:e
9/5/11,4600,A:e
9/6/11,10600,A:e
9/7/11,17900,A:e
9/8/11,25600,A
9/9/11,16300,A:e
9/10/11,11200,A:e
9/11/11,7720,A:e
9/12/11,6820,A:e
9/13/11,5300,A:e
9/14/11,4200,A:e
9/15/11,3690,A:e
9/16/11,3930,A:e
9/17/11,4330,A:e
9/18/11,4430,A:e
9/19/11,4320,A:e
9/20/11,6000,A:e
9/21/11,4250,A:e
9/22/11,4990,A:e
9/23/11,6060,A:e
9/24/11,7080,A:e
9/25/11,7180,A:e
9/26/11,6830,A:e
9/27/11,8830,A:e
9/28/11,10300,A:e
9/29/11,8920,A:e
9/30/11,7900,A:e
10/1/11,10600,A:e
10/2/11,10000,A:e
10/3/11,9680,A:e
10/4/11,6660,A:e
10/5/11,9070,A:e
10/6/11,9660,A:e
10/7/11,8470,A:e
10/8/11,7320,A:e
10/9/11,6880,A:e
10/10/11,6920,A:e
10/11/11,5930,A:e
10/12/11,4950,A:e
10/13/11,6140,A:e
10/14/11,10000,A:e
10/15/11,12700,A:e
10/16/11,13400,A:e
10/17/11,12700,A:e
10/18/11,10300,A:e
10/19/11,8500,A:e
10/20/11,8180,A:e
10/21/11,7970,A:e
10/22/11,8600,A:e
10/23/11,9270,A:e
10/24/11,10600,A:e
10/25/11,11800,A:e
10/26/11,10700,A:e
10/27/11,11000,A:e
10/28/11,12100,A:e
10/29/11,13000,A:e
10/30/11,13500,A:e
10/31/11,13800,A:e
11/1/11,15300,A:e
11/2/11,12400,A:e
11/3/11,11000,A:e
11/4/11,9490,A:e
11/5/11,7470,A:e
11/6/11,8150,A:e
11/7/11,8120,A:e
11/8/11,7240,A:e
11/9/11,5830,A:e
11/10/11,5280,A:e
11/11/11,7440,A:e
11/12/11,8020,A:e
11/13/11,6720,A:e
11/14/11,5240,A:e
11/15/11,4730,A:e
11/16/11,6980,A:e
11/17/11,18200,A
11/18/11,18100,A
11/19/11,18900,A
11/20/11,11100,A
11/21/11,13600,A
11/22/11,19200,A
11/23/11,42900,A
11/24/11,37000,A
11/25/11,33700,A
11/26/11,28500,A
11/27/11,23800,A
11/28/11,18700,A
11/29/11,20500,A
11/30/11,27800,A
12/1/11,44400,A
12/2/11,31900,A
12/3/11,22900,A
12/4/11,16800,A
12/5/11,11700,A
12/6/11,10700,A
12/7/11,21900,A
12/8/11,77900,A
12/9/11,89500,A
12/10/11,67000,A
12/11/11,45100,A
12/12/11,29500,A
12/13/11,21600,A
12/14/11,19300,A
12/15/11,13800,A
12/16/11,13600,A
12/17/11,11600,A
12/18/11,9860,A
12/19/11,13400,A
12/20/11,12500,A
12/21/11,13200,A
12/22/11,12000,A
12/23/11,16400,A
12/24/11,32200,A
12/25/11,35200,A
12/26/11,27300,A
12/27/11,26900,A
12/28/11,35700,A
12/29/11,31500,A
12/30/11,26700,A
12/31/11,24500,A
1/1/12,16100,A
1/2/12,18300,A
1/3/12,15400,A:e
1/4/12,16300,A:e
1/5/12,14700,A
1/6/12,12600,A
1/7/12,11900,A:e
1/8/12,11800,A:e
1/9/12,11700,A
1/10/12,12100,A:e
1/11/12,13000,A
1/12/12,16100,A:e
1/13/12,23000,A
1/14/12,29600,A
1/15/12,28100,A
1/16/12,23700,A
1/17/12,19700,A
1/18/12,27700,A
1/19/12,31300,A
1/20/12,32500,A
1/21/12,31000,A
1/22/12,41500,A
1/23/12,39700,A
1/24/12,37800,A
1/25/12,29500,A
1/26/12,27900,A
1/27/12,27600,A
1/28/12,26200,A
1/29/12,27000,A
1/30/12,25000,A
1/31/12,22300,A
2/1/12,17600,A
2/2/12,17800,A
2/3/12,22500,A
2/4/12,22200,A
2/5/12,22200,A
2/6/12,17200,A
2/7/12,20500,A
2/8/12,21500,A
2/9/12,15900,A:e
2/10/12,16200,A:e
2/11/12,13900,A:e
2/12/12,13400,A:e
2/13/12,11300,A:e
2/14/12,11800,A:e
2/15/12,12400,A:e
2/16/12,12800,A:e
2/17/12,13000,A
2/18/12,26600,A
2/19/12,27200,A
2/20/12,22300,A
2/21/12,19400,A
2/22/12,20800,A
2/23/12,21000,A
2/24/12,37000,A
2/25/12,46100,A
2/26/12,40200,A
2/27/12,31200,A
2/28/12,25000,A
2/29/12,24600,A
3/1/12,57300,A
3/2/12,83000,A
3/3/12,95200,A
3/4/12,86500,A
3/5/12,65100,A
3/6/12,47900,A
3/7/12,39100,A
3/8/12,30600,A
3/9/12,31900,A
3/10/12,31400,A
3/11/12,31000,A
3/12/12,28400,A
3/13/12,22500,A
3/14/12,19300,A
3/15/12,17100,A:e
3/16/12,18400,A
3/17/12,18400,A
3/18/12,19900,A
3/19/12,21500,A
3/20/12,30400,A
3/21/12,26400,A
3/22/12,27800,A
3/23/12,23500,A
3/24/12,21300,A
3/25/12,28000,A
3/26/12,50000,A
3/27/12,43700,A
3/28/12,33300,A
3/29/12,26400,A
3/30/12,21100,A
3/31/12,17200,A
4/1/12,13800,A
4/2/12,12400,A:e
4/3/12,12200,A
4/4/12,11700,A:e
4/5/12,13700,A:e
4/6/12,14600,A:e
4/7/12,15600,A
4/8/12,12000,A
4/9/12,12100,A
4/10/12,9360,A
4/11/12,11200,A
4/12/12,8130,A:e
4/13/12,8390,A:e
4/14/12,7530,A:e
4/15/12,7400,A:e
4/16/12,7210,A:e
4/17/12,6810,A:e
4/18/12,6890,A:e
4/19/12,8500,A:e
4/20/12,10100,A:e
4/21/12,11100,A:e
4/22/12,9160,A:e
4/23/12,10700,A:e
4/24/12,12100,A:e
4/25/12,11300,A:e
4/26/12,32700,A
4/27/12,65800,A
4/28/12,58500,A
4/29/12,47100,A
4/30/12,27500,A
5/1/12,26000,A
5/2/12,30600,A
5/3/12,32200,A
5/4/12,28000,A
5/5/12,38300,A
5/6/12,45000,A
5/7/12,29600,A
5/8/12,27700,A
5/9/12,24900,A
5/10/12,21100,A
5/11/12,21100,A
5/12/12,15800,A
5/13/12,14200,A
5/14/12,14000,A
5/15/12,27200,A
5/16/12,45200,A
5/17/12,35000,A
5/18/12,25700,A
5/19/12,18100,A:e
5/20/12,16200,A:e
5/21/12,12700,A:e
5/22/12,12400,A:e
5/23/12,11100,A:e
5/24/12,14200,A:e
5/25/12,14300,A
5/26/12,12300,A:e
5/27/12,11300,A:e
5/28/12,9420,A:e
5/29/12,8550,A:e
5/30/12,9310,A:e
5/31/12,11000,A:e
6/1/12,12000,A:e
6/2/12,9720,A:e
6/3/12,9160,A:e
6/4/12,7420,A:e
6/5/12,7130,A:e
6/6/12,6160,A:e
6/7/12,6160,A:e
6/8/12,5830,A:e
6/9/12,6440,A:e
6/10/12,5970,A:e
6/11/12,5110,A:e
6/12/12,4770,A:e
6/13/12,5050,A:e
6/14/12,5670,A:e
6/15/12,5170,A:e
6/16/12,4150,A:e
6/17/12,4000,A:e
6/18/12,4350,A:e
6/19/12,3990,A:e
6/20/12,4040,A:e
6/21/12,4430,A:e
6/22/12,4090,A:e
6/23/12,4210,A:e
6/24/12,3530,A:e
6/25/12,3750,A:e
6/26/12,3370,A:e
6/27/12,3210,A:e
6/28/12,3210,A:e
6/29/12,2840,A:e
6/30/12,2920,A:e
7/1/12,2800,A:e
7/2/12,2580,A:e
7/3/12,2840,A:e
7/4/12,3180,A:e
7/5/12,3430,A:e
7/6/12,3650,A:e
7/7/12,3270,A:e
7/8/12,2770,A:e
7/9/12,3060,A:e
7/10/12,3020,A:e
7/11/12,2610,A:e
7/12/12,2840,A:e
7/13/12,4030,A:e
7/14/12,5460,A:e
7/15/12,4970,A:e
7/16/12,4010,A:e
7/17/12,4490,A:e
7/18/12,4490,A:e
7/19/12,4440,A:e
7/20/12,5160,A:e
7/21/12,4900,A:e
7/22/12,4750,A:e
7/23/12,5710,A:e
7/24/12,5230,A:e
7/25/12,7080,A:e
7/26/12,6870,A:e
7/27/12,14900,A
7/28/12,13900,A
7/29/12,10300,A:e
7/30/12,7450,A:e
7/31/12,6300,A:e
8/1/12,8070,A:e
8/2/12,10600,A:e
8/3/12,6900,A:e
8/4/12,6150,A:e
8/5/12,5690,A:e
8/6/12,5000,A:e
8/7/12,8850,A:e
8/8/12,7410,A:e
8/9/12,5860,A:e
8/10/12,4860,A:e
8/11/12,5760,A:e
8/12/12,4310,A:e
8/13/12,4190,A:e
8/14/12,3870,A:e
8/15/12,3590,A:e
8/16/12,3100,A:e
8/17/12,3000,A:e
8/18/12,3000,A:e
8/19/12,2960,A:e
8/20/12,3000,A:e
8/21/12,3200,A:e
8/22/12,2930,A:e
8/23/12,2610,A:e
8/24/12,2500,A:e
8/25/12,2590,A:e
8/26/12,2850,A:e
8/27/12,3450,A:e
8/28/12,3300,A:e
8/29/12,2790,A:e
8/30/12,2500,A:e
8/31/12,2350,A:e
9/1/12,2430,A:e
9/2/12,2480,A:e
9/3/12,2660,A:e
9/4/12,3220,A:e
9/5/12,3450,A:e
9/6/12,3520,A:e
9/7/12,4840,A:e
9/8/12,4610,A:e
9/9/12,5800,A:e
9/10/12,4950,A:e
9/11/12,4060,A:e
9/12/12,2990,A:e
9/13/12,2600,A:e
9/14/12,2880,A:e
9/15/12,3240,A:e
9/16/12,3270,A:e
9/17/12,3330,A:e
9/18/12,4490,A:e
9/19/12,9720,A:e
9/20/12,11600,A
9/21/12,14300,A
9/22/12,7700,A:e
9/23/12,5850,A:e
9/24/12,4620,A:e
9/25/12,3730,A:e
9/26/12,3050,A:e
9/27/12,2830,A:e
9/28/12,4120,A:e
9/29/12,6400,A:e
9/30/12,5850,A:e
10/1/12,6220,A:e
10/2/12,4590,A:e
10/3/12,6440,A:e
10/4/12,6630,A:e
10/5/12,9440,A:e
10/6/12,9140,A:e
10/7/12,7300,A:e
10/8/12,7160,A:e
10/9/12,4870,A:e
10/10/12,4430,A:e
10/11/12,4980,A:e
10/12/12,4240,A:e
10/13/12,4530,A:e
10/14/12,6130,A:e
10/15/12,3960,A:e
10/16/12,3370,A:e
10/17/12,3480,A:e
10/18/12,3560,A:e
10/19/12,3720,A:e
10/20/12,3900,A:e
10/21/12,4210,A:e
10/22/12,4220,A:e
10/23/12,3420,A:e
10/24/12,3410,A:e
10/25/12,3450,A:e
10/26/12,3120,A:e
10/27/12,2820,A:e
10/28/12,2770,A:e
10/29/12,3600,A:e
10/30/12,11700,A:e
10/31/12,16900,A:e
11/1/12,16800,A:e
11/2/12,17200,A:e
11/3/12,14800,A:e
11/4/12,13800,A:e
11/5/12,14700,A:e
11/6/12,14400,A:e
11/7/12,13000,A:e
11/8/12,12100,A:e
11/9/12,12500,A:e
11/10/12,12100,A:e
11/11/12,11200,A:e
11/12/12,13800,A:e
11/13/12,19400,A:e
11/14/12,23400,A:e
11/15/12,21100,A:e
11/16/12,18200,A:e
11/17/12,12800,A:e
11/18/12,10200,A:e
11/19/12,9430,A:e
11/20/12,8130,A:e
11/21/12,7080,A:e
11/22/12,4830,A:e
11/23/12,3960,A:e
11/24/12,3680,A:e
11/25/12,3470,A:e
11/26/12,3280,A:e
11/27/12,3220,A:e
11/28/12,3190,A:e
11/29/12,4060,A:e
11/30/12,5370,A
12/1/12,5420,A
12/2/12,6390,A
12/3/12,6270,A
12/4/12,6690,A
12/5/12,7870,A
12/6/12,8780,A
12/7/12,8500,A
12/8/12,9690,A
12/9/12,14900,A
12/10/12,22900,A
12/11/12,31400,A
12/12/12,26900,A
12/13/12,20600,A
12/14/12,15600,A
12/15/12,11900,A
12/16/12,8990,A
12/17/12,7980,A
12/18/12,9690,A
12/19/12,13100,A
12/20/12,12700,A
12/21/12,16600,A
12/22/12,19700,A
12/23/12,19900,A
12/24/12,17900,A
12/25/12,16900,A
12/26/12,21200,A
12/27/12,32200,A
12/28/12,37000,A
12/29/12,32600,A
12/30/12,25500,A
12/31/12,21100,A
1/1/13,16600,A
1/2/13,15300,A
1/3/13,12300,A
1/4/13,11600,A
1/5/13,10800,A
1/6/13,9710,A
1/7/13,9910,A
1/8/13,8830,A
1/9/13,8340,A
1/10/13,8150,A
1/11/13,9730,A
1/12/13,13000,A
1/13/13,16000,A
1/14/13,24200,A
1/15/13,25700,A
1/16/13,72400,A
1/17/13,102000,A
1/18/13,87400,A:e
1/19/13,67500,A
1/20/13,54900,A
1/21/13,43100,A
1/22/13,28900,A
1/23/13,26400,A
1/24/13,20500,A
1/25/13,15900,A
1/26/13,13100,A
1/27/13,12200,A
1/28/13,11600,A
1/29/13,16300,A
1/30/13,23100,A
1/31/13,90400,A
2/1/13,123000,A
2/2/13,94400,A
2/3/13,75400,A
2/4/13,62100,A
2/5/13,46400,A
2/6/13,34600,A
2/7/13,28200,A
2/8/13,24900,A
2/9/13,22900,A
2/10/13,20200,A
2/11/13,18800,A
2/12/13,19100,A
2/13/13,18600,A
2/14/13,19500,A
2/15/13,19200,A
2/16/13,16400,A
2/17/13,15700,A
2/18/13,14200,A
2/19/13,14500,A
2/20/13,14600,A
2/21/13,11700,A
2/22/13,12800,A
2/23/13,11200,A
2/24/13,9950,A
2/25/13,10800,A
2/26/13,11000,A
2/27/13,13100,A
2/28/13,17100,A
3/1/13,19200,A
3/2/13,18700,A
3/3/13,14700,A
3/4/13,14100,A
3/5/13,11800,A
3/6/13,16400,A
3/7/13,20700,A
3/8/13,19500,A
3/9/13,20100,A
3/10/13,16000,A
3/11/13,16800,A
3/12/13,21400,A
3/13/13,31100,A
3/14/13,37600,A
3/15/13,29600,A
3/16/13,23500,A
3/17/13,22300,A
3/18/13,26800,A
3/19/13,35900,A
3/20/13,34600,A
3/21/13,31400,A
3/22/13,24700,A
3/23/13,21900,A
3/24/13,17200,A
3/25/13,20500,A
3/26/13,23700,A
3/27/13,21700,A
3/28/13,18700,A
3/29/13,16700,A
3/30/13,16300,A
3/31/13,17700,A
4/1/13,21500,A
4/2/13,19700,A
4/3/13,19200,A
4/4/13,20700,A
4/5/13,16000,A
4/6/13,20600,A
4/7/13,25200,A
4/8/13,23400,A
4/9/13,19800,A
4/10/13,16200,A
4/11/13,16300,A
4/12/13,17800,A
4/13/13,31000,A
4/14/13,35200,A
4/15/13,29100,A
4/16/13,23900,A
4/17/13,21100,A
4/18/13,21700,A
4/19/13,19500,A
4/20/13,20600,A
4/21/13,23900,A
4/22/13,24900,A
4/23/13,19200,A
4/24/13,16700,A
4/25/13,17000,A
4/26/13,14500,A
4/27/13,12400,A
4/28/13,11500,A
4/29/13,11400,A
4/30/13,12100,A
5/1/13,12900,A
5/2/13,12300,A
5/3/13,9540,A
5/4/13,9840,A
5/5/13,9620,A
5/6/13,9420,A
5/7/13,13700,A
5/8/13,56500,A
5/9/13,75500,A
5/10/13,66900,A
5/11/13,51500,A
5/12/13,41500,A
5/13/13,36900,A
5/14/13,29300,A
5/15/13,22600,A
5/16/13,20900,A
5/17/13,19200,A
5/18/13,16200,A
5/19/13,16400,A
5/20/13,15400,A
5/21/13,16300,A
5/22/13,18300,A
5/23/13,19000,A
5/24/13,17500,A
5/25/13,17300,A
5/26/13,16800,A
5/27/13,13400,A
5/28/13,12000,A
5/29/13,10100,A
5/30/13,10400,A
5/31/13,9240,A
6/1/13,8120,A
6/2/13,8790,A
6/3/13,8500,A
6/4/13,8730,A
6/5/13,8630,A
6/6/13,8860,A
6/7/13,9390,A
6/8/13,19200,A
6/9/13,17500,A
6/10/13,14600,A
6/11/13,19200,A
6/12/13,28500,A
6/13/13,28300,A
6/14/13,49000,A
6/15/13,45700,A
6/16/13,28600,A
6/17/13,18600,A
6/18/13,20200,A
6/19/13,31500,A
6/20/13,29400,A
6/21/13,22300,A
6/22/13,14500,A
6/23/13,13700,A
6/24/13,10300,A
6/25/13,9170,A
6/26/13,9140,A
6/27/13,11100,A
6/28/13,11100,A
6/29/13,12000,A
6/30/13,10500,A
7/1/13,8980,A
7/2/13,13300,A:e
7/3/13,16500,A
7/4/13,24500,A
7/5/13,31600,A
7/6/13,38900,A
7/7/13,39900,A
7/8/13,34700,A
7/9/13,27000,A
7/10/13,20300,A
7/11/13,22900,A
7/12/13,27400,A
7/13/13,28900,A
7/14/13,23000,A
7/15/13,17300,A
7/16/13,14100,A
7/17/13,16500,A
7/18/13,12600,A
7/19/13,11100,A
7/20/13,17500,A
7/21/13,16100,A
7/22/13,19400,A
7/23/13,21500,A
7/24/13,22900,A
7/25/13,19300,A
7/26/13,15700,A
7/27/13,12100,A
7/28/13,17500,A:e
7/29/13,31300,A:e
7/30/13,22200,A
7/31/13,16200,A
8/1/13,13500,A
8/2/13,11600,A
8/3/13,12400,A
8/4/13,10600,A
8/5/13,9000,A
8/6/13,8990,A
8/7/13,8740,A
8/8/13,9330,A
8/9/13,12000,A
8/10/13,17200,A
8/11/13,24900,A
8/12/13,26300,A
8/13/13,20800,A
8/14/13,16800,A:e
8/15/13,17500,A:e
8/16/13,15700,A:e
8/17/13,11900,A:e
8/18/13,9100,A:e
8/19/13,9430,A:e
8/20/13,11500,A:e
8/21/13,14500,A:e
8/22/13,12900,A:e
8/23/13,10400,A:e
8/24/13,12600,A:e
8/25/13,9930,A:e
8/26/13,9180,A:e
8/27/13,8410,A:e
8/28/13,7790,A:e
8/29/13,8870,A:e
8/30/13,10300,A
8/31/13,13100,A
9/1/13,11300,A
9/2/13,9960,A
9/3/13,9170,A
9/4/13,7190,A
9/5/13,7100,A
9/6/13,6970,A
9/7/13,6910,A
9/8/13,6600,A
9/9/13,5290,A
9/10/13,5390,A
9/11/13,4680,A
9/12/13,5330,A
9/13/13,4970,A
9/14/13,6390,A
9/15/13,6200,A
9/16/13,5440,A
9/17/13,6170,A
9/18/13,7840,A
9/19/13,7960,A
9/20/13,9520,A
9/21/13,11200,A
9/22/13,15300,A
9/23/13,13200,A
9/24/13,11800,A
9/25/13,11900,A:e
9/26/13,10900,A
9/27/13,8800,A
9/28/13,7070,A
9/29/13,6040,A
9/30/13,6480,A
10/1/13,6370,A
10/2/13,6850,A
10/3/13,8340,A
10/4/13,7760,A
10/5/13,5430,A
10/6/13,5800,A
10/7/13,6430,A
10/8/13,4340,A
10/9/13,5870,A
10/10/13,5930,A
10/11/13,5100,A
10/12/13,3960,A
10/13/13,6080,A
10/14/13,5970,A
10/15/13,3590,A
10/16/13,4280,A
10/17/13,4010,A
10/18/13,3540,A
10/19/13,4000,A
10/20/13,5700,A
10/21/13,5170,A
10/22/13,3850,A
10/23/13,4050,A
10/24/13,4120,A
10/25/13,3710,A
10/26/13,3170,A
10/27/13,3510,A
10/28/13,3120,A
10/29/13,3870,A
10/30/13,3210,A
10/31/13,4180,A
11/1/13,6340,A
11/2/13,8170,A
11/3/13,8040,A
11/4/13,8190,A
11/5/13,8720,A
11/6/13,6940,A
11/7/13,6330,A
11/8/13,5690,A
11/9/13,5630,A
11/10/13,5710,A
11/11/13,5100,A
11/12/13,4900,A
11/13/13,4440,A
11/14/13,4630,A
11/15/13,3880,A
11/16/13,3860,A
11/17/13,3590,A
11/18/13,5050,A
11/19/13,6540,A
11/20/13,5730,A
11/21/13,5300,A
11/22/13,5640,A
11/23/13,6620,A
11/24/13,6650,A
11/25/13,6310,A
11/26/13,7700,A
11/27/13,28500,A
11/28/13,46400,A
11/29/13,39100,A
11/30/13,28300,A
12/1/13,20600,A
12/2/13,16900,A
12/3/13,15200,A
12/4/13,11600,A
12/5/13,10200,A
12/6/13,30800,A
12/7/13,73500,A
12/8/13,55100,A
12/9/13,58900,A
12/10/13,65700,A
12/11/13,60800,A
12/12/13,46000,A
12/13/13,33600,A
12/14/13,22900,A
12/15/13,23900,A
12/16/13,21500,A
12/17/13,20800,A
12/18/13,21700,A
12/19/13,18900,A
12/20/13,16900,A
12/21/13,15800,A
12/22/13,27200,A
12/23/13,52800,A
12/24/13,71800,A
12/25/13,63600,A
12/26/13,46100,A
12/27/13,33600,A
12/28/13,24000,A
12/29/13,26100,A
12/30/13,64700,A
12/31/13,64100,A
1/1/14,43900,A
1/2/14,32500,A
1/3/14,26100,A
1/4/14,21400,A
1/5/14,18000,A
1/6/14,17000,A:e
1/7/14,17600,A:e
1/8/14,16100,A
1/9/14,16100,A
1/10/14,13500,A
1/11/14,18600,A
1/12/14,31100,A
1/13/14,39700,A
1/14/14,37500,A
1/15/14,33000,A
1/16/14,26300,A
1/17/14,23500,A
1/18/14,20700,A
1/19/14,17400,A
1/20/14,14000,A
1/21/14,12100,A
1/22/14,12900,A
1/23/14,13600,A:e
1/24/14,11500,A:e
1/25/14,7160,A
1/26/14,8390,A
1/27/14,7770,A
1/28/14,6800,A
1/29/14,8680,A
1/30/14,9480,A
1/31/14,8440,A
2/1/14,7560,A
2/2/14,8850,A
2/3/14,28900,A
2/4/14,72100,A
2/5/14,72500,A
2/6/14,61200,A
2/7/14,44000,A:e
2/8/14,33000,A
2/9/14,26100,A
2/10/14,21000,A:e
2/11/14,17200,A
2/12/14,14800,A
2/13/14,14100,A
2/14/14,12500,A
2/15/14,14600,A
2/16/14,14600,A
2/17/14,14900,A
2/18/14,12200,A
2/19/14,19000,A
2/20/14,35800,A
2/21/14,55500,A
2/22/14,74400,A
2/23/14,70600,A
2/24/14,54800,A
2/25/14,34100,A
2/26/14,28000,A
2/27/14,22400,A
2/28/14,21600,A:e
3/1/14,17600,A
3/2/14,14900,A
3/3/14,19300,A:e
3/4/14,24700,A:e
3/5/14,24900,A
3/6/14,26500,A
3/7/14,23900,A
3/8/14,25300,A
3/9/14,24300,A
3/10/14,21600,A
3/11/14,22000,A
3/12/14,21000,A
3/13/14,20700,A:e
3/14/14,22100,A
3/15/14,20600,A
3/16/14,16300,A
3/17/14,15700,A
3/18/14,16700,A
3/19/14,18300,A
3/20/14,19000,A
3/21/14,19200,A
3/22/14,20900,A
3/23/14,18900,A
3/24/14,15100,A
3/25/14,14900,A
3/26/14,14800,A
3/27/14,12400,A
3/28/14,12300,A
3/29/14,13300,A
3/30/14,28500,A
3/31/14,35500,A
4/1/14,33900,A
4/2/14,25100,A
4/3/14,19400,A
4/4/14,25900,A
4/5/14,27300,A
4/6/14,23400,A
4/7/14,21100,A
4/8/14,21700,A
4/9/14,27700,A
4/10/14,23500,A
4/11/14,18300,A
4/12/14,16800,A
4/13/14,14300,A
4/14/14,12800,A
4/15/14,11500,A
4/16/14,12800,A
4/17/14,11900,A
4/18/14,17700,A
4/19/14,11900,A
4/20/14,9660,A
4/21/14,8950,A
4/22/14,10500,A
4/23/14,9310,A
4/24/14,8100,A
4/25/14,8300,A
4/26/14,8320,A
4/27/14,9660,A
4/28/14,11000,A
4/29/14,11700,A
4/30/14,18400,A
5/1/14,24100,A
5/2/14,21400,A
5/3/14,14600,A
5/4/14,15700,A
5/5/14,14200,A
5/6/14,11300,A
5/7/14,9950,A
5/8/14,9850,A
5/9/14,8710,A
5/10/14,7670,A
5/11/14,9390,A
5/12/14,9550,A
5/13/14,9150,A
5/14/14,9760,A
5/15/14,10100,A
5/16/14,43800,A
5/17/14,80200,A
5/18/14,53100,A
5/19/14,34900,A
5/20/14,25400,A
5/21/14,18100,A
5/22/14,13700,A
5/23/14,13200,A
5/24/14,10900,A
5/25/14,8410,A
5/26/14,7890,A
5/27/14,7360,A
5/28/14,7180,A
5/29/14,5350,A
5/30/14,5720,A:e
5/31/14,6090,A
6/1/14,6110,A
6/2/14,5650,A
6/3/14,5020,A
6/4/14,5370,A
6/5/14,10100,A
6/6/14,8580,A
6/7/14,9640,A
6/8/14,7600,A
6/9/14,6540,A
6/10/14,5170,A
6/11/14,6570,A
6/12/14,8750,A
6/13/14,9140,A
6/14/14,8930,A
6/15/14,7410,A
6/16/14,5820,A
6/17/14,5300,A
6/18/14,3890,A
6/19/14,3800,A
6/20/14,4510,A
6/21/14,4730,A
6/22/14,4250,A
6/23/14,5080,A
6/24/14,4660,A
6/25/14,4550,A
6/26/14,3900,A
6/27/14,3570,A
6/28/14,3730,A
6/29/14,3410,A
6/30/14,3830,A
7/1/14,3540,A
7/2/14,3200,A
7/3/14,3100,A
7/4/14,2930,A
7/5/14,2500,A
7/6/14,2850,A
7/7/14,3000,A
7/8/14,3230,A
7/9/14,3200,A:e
7/10/14,2760,A:e
7/11/14,2760,A:e
7/12/14,2340,A
7/13/14,2880,A:e
7/14/14,3100,A
7/15/14,3170,A
7/16/14,2930,A
7/17/14,3200,A:e
7/18/14,2910,A
7/19/14,3430,A
7/20/14,2520,A
7/21/14,2510,A
7/22/14,2240,A:e
7/23/14,2680,A:e
7/24/14,3690,A
7/25/14,3140,A
7/26/14,4080,A
7/27/14,3190,A
7/28/14,4320,A
7/29/14,3080,A:e
7/30/14,2810,A
7/31/14,2730,A
8/1/14,2740,A:e
8/2/14,2740,A:e
8/3/14,3290,A
8/4/14,3300,A:e
8/5/14,3250,A
8/6/14,2980,A
8/7/14,2780,A:e
8/8/14,2580,A:e
8/9/14,2460,A
8/10/14,6230,A
8/11/14,6740,A
8/12/14,5100,A
8/13/14,5030,A
8/14/14,7030,A
8/15/14,7390,A
8/16/14,4310,A
8/17/14,3530,A
8/18/14,3350,A
8/19/14,3250,A
8/20/14,5400,A
8/21/14,5500,A
8/22/14,6580,A
8/23/14,8180,A
8/24/14,6840,A
8/25/14,5910,A
8/26/14,5160,A
8/27/14,4360,A
8/28/14,4160,A
8/29/14,3400,A:e
8/30/14,2660,A
8/31/14,3500,A
9/1/14,3000,A
9/2/14,3490,A
9/3/14,4120,A
9/4/14,3610,A
9/5/14,4950,A
9/6/14,6170,A
9/7/14,7150,A
9/8/14,6790,A
9/9/14,6470,A
9/10/14,7190,A
9/11/14,5510,A
9/12/14,4850,A
9/13/14,6500,A
9/14/14,5720,A
9/15/14,6500,A
9/16/14,7390,A
9/17/14,4260,A
9/18/14,3870,A
9/19/14,3780,A
9/20/14,5080,A
9/21/14,5170,A
9/22/14,4860,A
9/23/14,4350,A
9/24/14,3360,A
9/25/14,2820,A
9/26/14,2560,A
9/27/14,3290,A
9/28/14,4010,A
9/29/14,3840,A
9/30/14,3320,A:e
10/1/14,3090,A
10/2/14,2980,A
10/3/14,3180,A
10/4/14,3790,A
10/5/14,4180,A
10/6/14,3400,A:e
10/7/14,3420,A
10/8/14,6630,A
10/9/14,6440,A
10/10/14,7680,A
10/11/14,8160,A
10/12/14,9020,A
10/13/14,8910,A
10/14/14,10200,A
10/15/14,16400,A
10/16/14,30500,A
10/17/14,38500,A
10/18/14,19000,A
10/19/14,17900,A
10/20/14,13800,A
10/21/14,8510,A
10/22/14,7560,A
10/23/14,6850,A
10/24/14,5870,A
10/25/14,5880,A
10/26/14,6280,A
10/27/14,4820,A
10/28/14,4530,A
10/29/14,6220,A
10/30/14,5960,A
10/31/14,5380,A
11/1/14,6440,A
11/2/14,7450,A
11/3/14,7470,A
11/4/14,7350,A
11/5/14,7410,A
11/6/14,6880,A
11/7/14,8550,A
11/8/14,13700,A
11/9/14,13600,A
11/10/14,13000,A
11/11/14,12500,A
11/12/14,9800,A
11/13/14,8390,A
11/14/14,7640,A
11/15/14,6370,A
11/16/14,6330,A
11/17/14,7260,A
11/18/14,8630,A
11/19/14,9500,A
11/20/14,12800,A
11/21/14,11000,A
11/22/14,8350,A
11/23/14,8130,A
11/24/14,7930,A
11/25/14,9240,A
11/26/14,13100,A
11/27/14,17100,A
11/28/14,17600,A
11/29/14,19300,A
11/30/14,14100,A
12/1/14,12000,A
12/2/14,11900,A
12/3/14,18200,A
12/4/14,30700,A
12/5/14,28900,A
12/6/14,34600,A
12/7/14,50300,A
12/8/14,43600,A
12/9/14,35300,A
12/10/14,27100,A
12/11/14,22300,A
12/12/14,17300,A
12/13/14,13000,A
12/14/14,11500,A
12/15/14,8480,A
12/16/14,8870,A
12/17/14,9710,A
12/18/14,12500,A
12/19/14,13400,A
12/20/14,12700,A
12/21/14,11000,A
12/22/14,8460,A
12/23/14,8150,A
12/24/14,7270,A
12/25/14,12300,A
12/26/14,16600,A
12/27/14,18100,A
12/28/14,15900,A
12/29/14,13200,A
12/30/14,13800,A
12/31/14,13800,A
1/1/15,13300,A
1/2/15,12300,A
1/3/15,11400,A
1/4/15,13900,A
1/5/15,18200,A
1/6/15,25100,A
1/7/15,23700,A
1/8/15,19300,A
1/9/15,14500,A
1/10/15,12300,A
1/11/15,9590,A
1/12/15,8380,A
1/13/15,11100,A
1/14/15,10700,A
1/15/15,11300,A
1/16/15,10600,A
1/17/15,10200,A
1/18/15,8340,A
1/19/15,8250,A
1/20/15,7770,A
1/21/15,9290,A
1/22/15,6220,A
1/23/15,6500,A
1/24/15,8550,A
1/25/15,16000,A
1/26/15,18000,A
1/27/15,19000,A
1/28/15,17900,A
1/29/15,14900,A
1/30/15,14100,A
1/31/15,11200,A
2/1/15,9760,A
2/2/15,14000,A
2/3/15,21800,A
2/4/15,24000,A
2/5/15,21700,A
2/6/15,17000,A
2/7/15,14100,A
2/8/15,12000,A
2/9/15,11100,A
2/10/15,11700,A
2/11/15,13000,A
2/12/15,14400,A
2/13/15,13500,A
2/14/15,11100,A
2/15/15,10500,A
2/16/15,7140,A
2/17/15,8120,A
2/18/15,6940,A
2/19/15,6940,A
2/20/15,6130,A
2/21/15,7310,A
2/22/15,12500,A
2/23/15,14900,A
2/24/15,14400,A
2/25/15,15800,A
2/26/15,13900,A
2/27/15,13600,A
2/28/15,10500,A
3/1/15,9780,A
3/2/15,15100,A
3/3/15,24700,A
3/4/15,62300,A
3/5/15,124000,A:e
3/6/15,105000,A
3/7/15,84600,A
3/8/15,70100,A
3/9/15,59900,A
3/10/15,58900,A
3/11/15,89600,A
3/12/15,109000,A
3/13/15,103000,A
3/14/15,67700,A
3/15/15,72600,A
3/16/15,71900,A
3/17/15,58600,A
3/18/15,46800,A
3/19/15,34900,A
3/20/15,30200,A
3/21/15,31400,A
3/22/15,30600,A
3/23/15,26500,A
3/24/15,23000,A
3/25/15,20300,A
3/26/15,16700,A
3/27/15,18700,A
3/28/15,21600,A
3/29/15,21600,A
3/30/15,19600,A
3/31/15,16800,A
4/1/15,15200,A
4/2/15,10400,A
4/3/15,14800,A
4/4/15,56800,A
4/5/15,62800,A
4/6/15,42000,A
4/7/15,27600,A
4/8/15,22500,A
4/9/15,26300,A
4/10/15,38900,A
4/11/15,45300,A
4/12/15,34700,A
4/13/15,26200,A
4/14/15,33600,A
4/15/15,70700,A
4/16/15,74600,A
4/17/15,52800,A
4/18/15,39100,A
4/19/15,31300,A
4/20/15,32500,A
4/21/15,63700,A
4/22/15,69400,A
4/23/15,60600,A
4/24/15,49800,A
4/25/15,31900,A
4/26/15,32400,A
4/27/15,37900,A
4/28/15,34300,A
4/29/15,28400,A
4/30/15,21700,A
5/1/15,20500,A
5/2/15,18700,A
5/3/15,19200,A
5/4/15,15900,A
5/5/15,14000,A
5/6/15,11600,A
5/7/15,10900,A
5/8/15,9450,A
5/9/15,8620,A
5/10/15,8170,A
5/11/15,8370,A
5/12/15,7630,A
5/13/15,6960,A
5/14/15,6620,A
5/15/15,6730,A
5/16/15,6530,A
5/17/15,6300,A
5/18/15,6900,A
5/19/15,7320,A
5/20/15,5510,A
5/21/15,6370,A
5/22/15,5290,A
5/23/15,5800,A
5/24/15,5200,A
5/25/15,5030,A
5/26/15,4370,A
5/27/15,5000,A
5/28/15,4160,A
5/29/15,4130,A
5/30/15,4510,A
5/31/15,3980,A
6/1/15,4570,A
6/2/15,5700,A
6/3/15,4590,A
6/4/15,4430,A
6/5/15,5770,A
6/6/15,4830,A
6/7/15,4330,A
6/8/15,4710,A
6/9/15,4800,A
6/10/15,4690,A
6/11/15,4470,A
6/12/15,5390,A
6/13/15,4820,A
6/14/15,4620,A
6/15/15,4090,A
6/16/15,4230,A
6/17/15,4440,A
6/18/15,6250,A
6/19/15,8830,A
6/20/15,6320,A
6/21/15,10500,A
6/22/15,14400,A
6/23/15,11300,A
6/24/15,8590,A
6/25/15,7040,A
6/26/15,8010,A
6/27/15,15600,A
6/28/15,32000,A
6/29/15,33400,A
6/30/15,23600,A
7/1/15,16100,A
7/2/15,12300,A
7/3/15,11300,A
7/4/15,11600,A
7/5/15,15700,A
7/6/15,16000,A
7/7/15,21900,A
7/8/15,25000,A
7/9/15,30600,A
7/10/15,29500,A
7/11/15,56000,A
7/12/15,45600,A
7/13/15,38300,A
7/14/15,58800,A
7/15/15,65800,A
7/16/15,58300,A
7/17/15,43700,A
7/18/15,28000,A
7/19/15,19400,A
7/20/15,13600,A
7/21/15,12400,A
7/22/15,14800,A
7/23/15,11600,A
7/24/15,8780,A
7/25/15,6030,A
7/26/15,5750,A
7/27/15,5330,A
7/28/15,4600,A
7/29/15,5280,A
7/30/15,6590,A
7/31/15,9000,A
8/1/15,6710,A
8/2/15,5670,A
8/3/15,4940,A
8/4/15,3950,A
8/5/15,3480,A
8/6/15,3160,A
8/7/15,3350,A
8/8/15,3530,A
8/9/15,3700,A
8/10/15,4020,A
8/11/15,5370,A
8/12/15,5800,A
8/13/15,7470,A
8/14/15,5020,A
8/15/15,4490,A
8/16/15,3220,A
8/17/15,2700,A
8/18/15,3990,A
8/19/15,4880,A
8/20/15,5040,A
8/21/15,4730,A
8/22/15,3920,A
8/23/15,3560,A
8/24/15,4090,A
8/25/15,3530,A
8/26/15,2570,A
8/27/15,3150,A
8/28/15,2700,A
8/29/15,2640,A
8/30/15,2600,A
8/31/15,2580,A
9/1/15,2150,A
9/2/15,1660,A
9/3/15,2040,A
9/4/15,2580,A
9/5/15,2150,A
9/6/15,2230,A
9/7/15,2320,A
9/8/15,2050,A
9/9/15,2510,A
9/10/15,3920,A
9/11/15,4300,A
9/12/15,3670,A
9/13/15,4210,A
9/14/15,3660,A
9/15/15,3540,A
9/16/15,2180,A
9/17/15,2420,A
9/18/15,2630,A
9/19/15,3740,A
9/20/15,3520,A
9/21/15,3200,A
9/22/15,3020,A
9/23/15,2780,A
9/24/15,2460,A
9/25/15,2710,A
9/26/15,4170,A
9/27/15,4070,A
9/28/15,3770,A
9/29/15,11600,A
9/30/15,21200,A
10/1/15,32900,A
10/2/15,30400,A
10/3/15,20400,A
10/4/15,11800,A
10/5/15,25800,A
10/6/15,21100,A
10/7/15,13000,A
10/8/15,11100,A
10/9/15,10000,A
10/10/15,8710,A
10/11/15,7350,A
10/12/15,7830,A
10/13/15,8120,A
10/14/15,7320,A
10/15/15,4510,A
10/16/15,5740,A
10/17/15,4730,A
10/18/15,5310,A
10/19/15,5340,A
10/20/15,4150,A
10/21/15,4490,A
10/22/15,2970,A
10/23/15,3530,A
10/24/15,3360,A
10/25/15,4010,A
10/26/15,4720,A
10/27/15,3640,A
10/28/15,4170,A
10/29/15,6140,A
10/30/15,26400,A
10/31/15,17200,A
11/1/15,11400,A
11/2/15,9730,A
11/3/15,10700,A
11/4/15,9080,A
11/5/15,9190,A
11/6/15,12900,A
11/7/15,10600,A
11/8/15,9350,A
11/9/15,8500,A
11/10/15,8720,A
11/11/15,16600,A
11/12/15,29000,A
11/13/15,20800,A
11/14/15,15400,A
11/15/15,14400,A
11/16/15,11800,A
11/17/15,11100,A
11/18/15,7450,A
11/19/15,8560,A
11/20/15,28500,A
11/21/15,41500,A
11/22/15,29700,A
11/23/15,19200,A
11/24/15,16400,A
11/25/15,12200,A
11/26/15,11200,A
11/27/15,10100,A
11/28/15,9930,A
11/29/15,11300,A
11/30/15,10300,A
12/1/15,14100,A
12/2/15,41000,A
12/3/15,66500,A
12/4/15,64500,A
12/5/15,49300,A
12/6/15,30600,A
12/7/15,20600,A
12/8/15,18100,A
12/9/15,16100,A
12/10/15,11600,A
12/11/15,13300,A
12/12/15,10400,A
12/13/15,11200,A
12/14/15,8780,A
12/15/15,7590,A
12/16/15,8750,A
12/17/15,11000,A
12/18/15,12700,A
12/19/15,18600,A
12/20/15,18800,A
12/21/15,14000,A
12/22/15,14400,A
12/23/15,16600,A
12/24/15,18200,A
12/25/15,46600,A
12/26/15,77300,A
12/27/15,64700,A
12/28/15,51800,A
12/29/15,40200,A
12/30/15,31400,A
12/31/15,28700,A
1/1/16,25700,A
1/2/16,20800,A
1/3/16,17800,A
1/4/16,16000,A
1/5/16,13200,A
1/6/16,13000,A
1/7/16,12600,A
1/8/16,10300,A
1/9/16,9340,A
1/10/16,10900,A
1/11/16,12200,A
1/12/16,16400,A
1/13/16,17600,A
1/14/16,13600,A
1/15/16,13000,A
1/16/16,11500,A
1/17/16,13300,A
1/18/16,15600,A
1/19/16,13600,A
1/20/16,13800,A
1/21/16,9520,A
1/22/16,9110,A
1/23/16,11800,A
1/24/16,11800,A
1/25/16,8050,A
1/26/16,10400,A
1/27/16,14300,A
1/28/16,19100,A
1/29/16,21400,A
1/30/16,21800,A
1/31/16,23400,A
2/1/16,36400,A
2/2/16,53200,A
2/3/16,63300,A
2/4/16,72100,A
2/5/16,77100,A
2/6/16,59900,A
2/7/16,44800,A
2/8/16,29200,A
2/9/16,22500,A
2/10/16,20700,A
2/11/16,18000,A
2/12/16,13700,A
2/13/16,12600,A
2/14/16,11900,A
2/15/16,10700,A
2/16/16,15800,A
2/17/16,24300,A
2/18/16,43100,A
2/19/16,33700,A
2/20/16,29400,A
2/21/16,34900,A
2/22/16,70400,A
2/23/16,74100,A
2/24/16,63300,A
2/25/16,62200,A
2/26/16,65000,A
2/27/16,57100,A
2/28/16,45100,A
2/29/16,31100,A
3/1/16,32000,A
3/2/16,33000,A
3/3/16,30400,A
3/4/16,30300,A
3/5/16,26700,A
3/6/16,24100,A
3/7/16,25600,A
3/8/16,20700,A
3/9/16,21400,A
3/10/16,17800,A
3/11/16,17100,A
3/12/16,15400,A
3/13/16,13400,A
3/14/16,15000,A
3/15/16,20800,A
3/16/16,31300,A
3/17/16,36500,A
3/18/16,29100,A
3/19/16,22900,A
3/20/16,20100,A
3/21/16,16900,A
3/22/16,15100,A
3/23/16,15300,A
3/24/16,13400,A
3/25/16,11400,A
3/26/16,12700,A
3/27/16,12800,A
3/28/16,11700,A
3/29/16,12200,A
3/30/16,11400,A
3/31/16,11200,A
4/1/16,8860,A
4/2/16,6990,A
4/3/16,8450,A
4/4/16,9760,A
4/5/16,8830,A
4/6/16,7450,A
4/7/16,6980,A
4/8/16,8640,A
4/9/16,8140,A
4/10/16,8840,A
4/11/16,9980,A
4/12/16,10500,A
4/13/16,11100,A
4/14/16,9950,A
4/15/16,9510,A
4/16/16,8830,A
4/17/16,8140,A
4/18/16,7250,A
4/19/16,6500,A
4/20/16,7280,A
4/21/16,6620,A
4/22/16,6630,A
4/23/16,6570,A
4/24/16,7080,A
4/25/16,7630,A
4/26/16,7100,A
4/27/16,14000,A
4/28/16,19100,A
4/29/16,18400,A
4/30/16,19000,A
5/1/16,31700,A
5/2/16,49200,A
5/3/16,62300,A
5/4/16,55900,A
5/5/16,44300,A
5/6/16,49000,A
5/7/16,54500,A
5/8/16,43600,A
5/9/16,30300,A
5/10/16,22400,A
5/11/16,21100,A
5/12/16,26600,A
5/13/16,26300,A
5/14/16,27700,A
5/15/16,26100,A
5/16/16,19500,A
5/17/16,16600,A
5/18/16,15200,A
5/19/16,15600,A
5/20/16,14900,A
5/21/16,18000,A
5/22/16,25900,A
5/23/16,37500,A
5/24/16,34000,A
5/25/16,25200,A
5/26/16,19200,A
5/27/16,15400,A
5/28/16,12900,A
5/29/16,11500,A
5/30/16,9260,A
5/31/16,7830,A
6/1/16,6690,A
6/2/16,8590,A
6/3/16,6610,A
6/4/16,8120,A
6/5/16,10900,A
6/6/16,18700,A
6/7/16,14700,A
6/8/16,14400,A
6/9/16,8620,A
6/10/16,7340,A
6/11/16,5780,A
6/12/16,5690,A
6/13/16,5540,A
6/14/16,4090,A
6/15/16,4460,A
6/16/16,5190,A
6/17/16,4790,A
6/18/16,7810,A
6/19/16,6220,A
6/20/16,6190,A
6/21/16,6080,A
6/22/16,14600,A
6/23/16,37200,A
6/24/16,148000,A
6/25/16,115000,A
6/26/16,61100,A
6/27/16,45700,A
6/28/16,49700,A
6/29/16,42500,A
6/30/16,34800,A
7/1/16,20900,A
7/2/16,18000,A
7/3/16,14800,A
7/4/16,7430,A
7/5/16,11700,A
7/6/16,24300,A
7/7/16,28200,A
7/8/16,22300,A
7/9/16,20500,A
7/10/16,20600,A
7/11/16,12700,A
7/12/16,10500,A
7/13/16,8740,A
7/14/16,11200,A
7/15/16,14000,A
7/16/16,12300,A
7/17/16,9820,A
7/18/16,8070,A
7/19/16,7140,A
7/20/16,6760,A
7/21/16,5500,A
7/22/16,4670,A
7/23/16,4430,A
7/24/16,3410,A
7/25/16,4210,A
7/26/16,3600,A
7/27/16,3580,A
7/28/16,5010,A
7/29/16,5420,A
7/30/16,5920,A
7/31/16,5270,A
8/1/16,4800,A
8/2/16,4440,A
8/3/16,5250,A
8/4/16,4980,A
8/5/16,8930,A
8/6/16,11900,A
8/7/16,11800,A
8/8/16,13800,A
8/9/16,13100,A
8/10/16,8450,A
8/11/16,6460,A
8/12/16,6650,A
8/13/16,5980,A
8/14/16,4650,A
8/15/16,4670,A
8/16/16,4360,A
8/17/16,4860,A
8/18/16,6040,A
8/19/16,6050,A
8/20/16,6080,A
8/21/16,6820,A
8/22/16,7470,A
8/23/16,7510,A
8/24/16,6230,A
8/25/16,4880,A
8/26/16,4480,A
8/27/16,3710,A
8/28/16,2240,A
8/29/16,2910,A
8/30/16,3630,A
8/31/16,4070,A
9/1/16,3250,A
9/2/16,3220,A
9/3/16,3220,A
9/4/16,3070,A
9/5/16,2660,A
9/6/16,3040,A
9/7/16,2380,A
9/8/16,2850,A
9/9/16,3610,A
9/10/16,3630,A
9/11/16,3190,A
9/12/16,3310,A
9/13/16,2530,A
9/14/16,2440,A
9/15/16,2020,A
9/16/16,2060,A
9/17/16,3170,A
9/18/16,3760,A
9/19/16,2930,A
9/20/16,2900,A
9/21/16,1720,A
9/22/16,2090,A
9/23/16,2840,A
9/24/16,3370,A
9/25/16,3200,A
9/26/16,2620,A
9/27/16,3310,A
9/28/16,2340,A
9/29/16,3300,A
9/30/16,3860,A
10/1/16,5050,A
10/2/16,14600,A
10/3/16,9050,A
10/4/16,6740,A
10/5/16,4120,A
10/6/16,3420,A
10/7/16,2880,A
10/8/16,5980,A
10/9/16,6540,A
10/10/16,10100,A
10/11/16,11000,A
10/12/16,7140,A
10/13/16,5040,A
10/14/16,3800,A
10/15/16,3870,A
10/16/16,6540,A
10/17/16,3680,A
10/18/16,3210,A
10/19/16,2770,A
10/20/16,3280,A
10/21/16,5430,A
10/22/16,6900,A
10/23/16,9570,A
10/24/16,7860,A
10/25/16,6110,A
10/26/16,4890,A
10/27/16,5170,A
10/28/16,5540,A
10/29/16,4830,A
10/30/16,5290,A
10/31/16,4740,A
11/1/16,4100,A
11/2/16,4840,A
11/3/16,4740,A
11/4/16,5390,A
11/5/16,7670,A
11/6/16,7200,A
11/7/16,5440,A
11/8/16,5640,A
11/9/16,5850,A
11/10/16,5420,A
11/11/16,7180,A
11/12/16,8200,A
11/13/16,6620,A
11/14/16,4930,A
11/15/16,4940,A
11/16/16,4690,A
11/17/16,4470,A
11/18/16,4630,A
11/19/16,5180,A
11/20/16,4600,A
11/21/16,4160,A
11/22/16,3410,A
11/23/16,3050,A
11/24/16,3610,A
11/25/16,3810,A
11/26/16,4320,A
11/27/16,3900,A:e
11/28/16,3740,A
11/29/16,3230,A
11/30/16,6320,A
12/1/16,20400,A:e
12/2/16,29800,A:e
12/3/16,19500,A:e
12/4/16,14900,A:e
12/5/16,11000,A:e
12/6/16,7800,A:e
12/7/16,11500,A
12/8/16,15000,A
12/9/16,18700,A
12/10/16,14000,A
12/11/16,11600,A
12/12/16,9600,A:e
12/13/16,11000,A:e
12/14/16,12400,A
12/15/16,12500,A
12/16/16,10400,A
12/17/16,7770,A
12/18/16,15500,A
12/19/16,25500,A
12/20/16,26400,A
12/21/16,22800,A
12/22/16,15500,A
12/23/16,11000,A
12/24/16,10100,A
12/25/16,15700,A
12/26/16,21900,A
12/27/16,20200,A
12/28/16,22600,A
12/29/16,25900,A
12/30/16,28300,A
12/31/16,26800,A
1/1/17,20500,A
1/2/17,17700,A
1/3/17,23700,A
1/4/17,45400,A
1/5/17,53000,A
1/6/17,42800,A
1/7/17,30100,A
1/8/17,21100,A
1/9/17,14600,A
1/10/17,12400,A
1/11/17,11200,A
1/12/17,13600,A
1/13/17,15400,A
1/14/17,20500,A
1/15/17,38900,A
1/16/17,44700,A
1/17/17,45300,A
1/18/17,42900,A
1/19/17,38900,A
1/20/17,31700,A
1/21/17,25300,A
1/22/17,24000,A
1/23/17,24000,A
1/24/17,54100,A
1/25/17,63600,A
1/26/17,54600,A
1/27/17,39400,A
1/28/17,29500,A
1/29/17,21000,A
1/30/17,18900,A
1/31/17,16200,A
2/1/17,14500,A
2/2/17,12500,A
2/3/17,12200,A
2/4/17,12300,A
2/5/17,10700,A
2/6/17,8720,A
2/7/17,8600,A
2/8/17,9770,A
2/9/17,11500,A
2/10/17,13300,A
2/11/17,12800,A
2/12/17,13200,A
2/13/17,13900,A
2/14/17,14100,A
2/15/17,13500,A
2/16/17,12800,A
2/17/17,9890,A
2/18/17,10100,A
2/19/17,9130,A
2/20/17,7620,A
2/21/17,7350,A
2/22/17,7240,A
2/23/17,7810,A
2/24/17,8360,A
2/25/17,9050,A
2/26/17,9590,A
2/27/17,9210,A
2/28/17,9610,A
3/1/17,16200,A
3/2/17,29400,A
3/3/17,34900,A
3/4/17,27900,A
3/5/17,22700,A
3/6/17,16800,A
3/7/17,15100,A
3/8/17,19300,A
3/9/17,22100,A
3/10/17,21200,A
3/11/17,18500,A
3/12/17,13600,A
3/13/17,11900,A
3/14/17,11300,A
3/15/17,10600,A
3/16/17,9590,A
3/17/17,9020,A
3/18/17,11100,A
3/19/17,24800,A
3/20/17,29500,A
3/21/17,28600,A
3/22/17,28200,A
3/23/17,23300,A
3/24/17,19600,A
3/25/17,15700,A
3/26/17,13600,A
3/27/17,17800,A
3/28/17,23400,A
3/29/17,23700,A
3/30/17,22900,A
3/31/17,23700,A
4/1/17,39800,A
4/2/17,50300,A
4/3/17,40900,A
4/4/17,,
4/5/17,32100,A:e
4/6/17,36600,A:e
4/7/17,37300,A
4/8/17,43200,A
4/9/17,34500,A
4/10/17,27800,A
4/11/17,22300,A
4/12/17,20600,A
4/13/17,16200,A
4/14/17,14000,A
4/15/17,12600,A
4/16/17,11500,A
4/17/17,10700,A
4/18/17,10900,A
4/19/17,11200,A
4/20/17,10700,A
4/21/17,10400,A
4/22/17,12800,A
4/23/17,15800,A
4/24/17,27900,A
4/25/17,49000,A
4/26/17,58400,A
4/27/17,55300,A
4/28/17,48600,A
4/29/17,38400,A
4/30/17,20600,A
5/1/17,18500,A
5/2/17,17400,A
5/3/17,16100,A
5/4/17,16100,A
5/5/17,17000,A
5/6/17,31300,A
5/7/17,54700,A
5/8/17,45500,A
5/9/17,32000,A
5/10/17,29700,A
5/11/17,31000,A
5/12/17,40600,A
5/13/17,76800,A
5/14/17,74000,A
5/15/17,53700,A
5/16/17,34800,A
5/17/17,25000,A
5/18/17,18700,A
5/19/17,15100,A
5/20/17,15100,A
5/21/17,14900,A
5/22/17,14500,A
5/23/17,17000,A
5/24/17,24300,A
5/25/17,45000,A
5/26/17,79600,A
5/27/17,69500,A
5/28/17,54600,A
5/29/17,38100,A
5/30/17,25900,A
5/31/17,,
6/1/17,,
6/2/17,,
6/3/17,,
6/4/17,9160,A
6/5/17,21500,A
6/6/17,33700,A
6/7/17,20100,A
6/8/17,13400,A
6/9/17,12700,A
6/10/17,9940,A
6/11/17,7990,A
6/12/17,7980,A
6/13/17,8310,A
6/14/17,8070,A
6/15/17,6650,A
6/16/17,7780,A
6/17/17,8100,A
6/18/17,10400,A
6/19/17,16500,A
6/20/17,20100,A
6/21/17,15900,A
6/22/17,12500,A
6/23/17,9460,A
6/24/17,17700,A
6/25/17,16000,A
6/26/17,12300,A
6/27/17,9580,A
6/28/17,7280,A
6/29/17,5930,A
6/30/17,5230,A
7/1/17,4860,A
7/2/17,4890,A
7/3/17,4350,A
7/4/17,4520,A
7/5/17,4600,A
7/6/17,5450,A
7/7/17,9940,A
7/8/17,11200,A
7/9/17,8560,A
7/10/17,6650,A
7/11/17,5600,A
7/12/17,4910,A
7/13/17,4170,A
7/14/17,4030,A
7/15/17,4720,A
7/16/17,3770,A
7/17/17,4260,A
7/18/17,3220,A
7/19/17,2940,A
7/20/17,3390,A
7/21/17,3380,A
7/22/17,3040,A
7/23/17,3630,A
7/24/17,6170,A
7/25/17,6490,A
7/26/17,3820,A
7/27/17,4930,A
7/28/17,4490,A
7/29/17,6670,A
7/30/17,6820,A
7/31/17,8780,A
8/1/17,6550,A
8/2/17,5420,A
8/3/17,4960,A
8/4/17,5000,A
8/5/17,3970,A
8/6/17,3620,A
8/7/17,4700,A
8/8/17,5500,A
8/9/17,5960,A
8/10/17,5910,A
8/11/17,5620,A
8/12/17,5580,A
8/13/17,4160,A
8/14/17,5300,A
8/15/17,7220,A
8/16/17,7620,A
8/17/17,6480,A
8/18/17,6000,A
8/19/17,5320,A
8/20/17,4840,A
8/21/17,3520,A
8/22/17,3320,A
8/23/17,3650,A
8/24/17,2800,A
8/25/17,2680,A
8/26/17,2340,A
8/27/17,2980,A
8/28/17,2670,A
8/29/17,2430,A
8/30/17,1750,A:e
8/31/17,2150,A
9/1/17,2790,A
9/2/17,2860,A
9/3/17,2570,A
9/4/17,2570,A
9/5/17,2900,A
9/6/17,3770,A
9/7/17,3450,A
9/8/17,3280,A
9/9/17,4200,A
9/10/17,5600,A
9/11/17,5640,A
9/12/17,4490,A
9/13/17,2840,A
9/14/17,2430,A
9/15/17,2130,A
9/16/17,3600,A
9/17/17,4110,A
9/18/17,4190,A
9/19/17,3770,A
9/20/17,3090,A
9/21/17,2560,A:e
9/22/17,2490,A
9/23/17,3030,A
9/24/17,3210,A
9/25/17,3120,A
9/26/17,2500,A
9/27/17,2440,A
9/28/17,1870,A
9/29/17,2280,A
9/30/17,3200,A
10/1/17,2900,A
10/2/17,3140,A
10/3/17,2840,A
10/4/17,2620,A
10/5/17,2120,A
10/6/17,3060,A
10/7/17,3350,A
10/8/17,3650,A
10/9/17,4030,A
10/10/17,3110,A
10/11/17,12300,A
10/12/17,7900,A
10/13/17,7470,A
10/14/17,4710,A
10/15/17,5000,A
10/16/17,5030,A:e
10/17/17,4050,A:e
10/18/17,4160,A:e
10/19/17,4050,A:e
10/20/17,3930,A:e
10/21/17,4040,A:e
10/22/17,4460,A:e
10/23/17,4110,A:e
10/24/17,12500,A:e
10/25/17,45000,A:e
10/26/17,30700,A:e
10/27/17,16300,A:e
10/28/17,10100,A:e
10/29/17,12300,A:e
10/30/17,30600,A:e
10/31/17,30700,A:e
11/1/17,21600,A:e
11/2/17,15200,A:e
11/3/17,12600,A:e
11/4/17,9930,A:e
11/5/17,9350,A:e
11/6/17,9110,A:e
11/7/17,11200,A:e
11/8/17,20400,A:e
11/9/17,22400,A:e
11/10/17,19100,A:e
11/11/17,16400,A:e
11/12/17,13400,A:e
11/13/17,10800,A:e
11/14/17,9800,A:e
11/15/17,8970,A:e
11/16/17,8510,A:e
11/17/17,7900,A:e
11/18/17,7460,A:e
11/19/17,7460,A:e
11/20/17,8420,A:e
11/21/17,8900,A:e
11/22/17,8550,A:e
11/23/17,7670,A:e
11/24/17,6870,A:e
11/25/17,6660,A:e
11/26/17,6280,A:e
11/27/17,5880,A:e
11/28/17,5950,A:e
11/29/17,5850,A:e
11/30/17,4790,A:e
12/1/17,3810,A
12/2/17,2290,A
12/3/17,3130,A
12/4/17,3190,A
12/5/17,3550,A
12/6/17,3700,A
12/7/17,3910,A
12/8/17,3750,A
12/9/17,3390,A
12/10/17,4040,A
12/11/17,4000,A
12/12/17,3680,A
12/13/17,3320,A
12/14/17,3410,A
12/15/17,3700,A
12/16/17,3960,A
12/17/17,2550,A
12/18/17,2060,A
12/19/17,2310,A
12/20/17,2580,A
12/21/17,2700,A
12/22/17,2690,A
12/23/17,6520,A
12/24/17,18500,A
12/25/17,19600,A
12/26/17,19300,A
12/27/17,15500,A
12/28/17,12200,A
12/29/17,9530,A
12/30/17,8100,A
12/31/17,6580,A
1/1/18,5680,A
1/2/18,4360,A
1/3/18,4370,A
1/4/18,4440,A
1/5/18,4660,A
1/6/18,4360,A
1/7/18,3450,A
1/8/18,3320,A
1/9/18,4170,A
1/10/18,4810,A
1/11/18,5490,A
1/12/18,10400,A
1/13/18,44300,A
1/14/18,56300,A
1/15/18,46000,A
1/16/18,30600,A
1/17/18,26700,A
1/18/18,17500,A
1/19/18,13000,A
1/20/18,10900,A
1/21/18,9200,A
1/22/18,8730,A
1/23/18,9490,A
1/24/18,11400,A
1/25/18,11100,A
1/26/18,11200,A
1/27/18,10000,A
1/28/18,11400,A
1/29/18,16500,A:e
1/30/18,15600,A
1/31/18,14700,A
2/1/18,14000,A
2/2/18,16200,A
2/3/18,13400,A
2/4/18,15500,A
2/5/18,20200,A
2/6/18,24400,A
2/7/18,26900,A
2/8/18,50800,A
2/9/18,60600,A
2/10/18,47700,A
2/11/18,71100,A
2/12/18,111000,A
2/13/18,96100,A
2/14/18,69300,A
2/15/18,48800,A
2/16/18,57000,A
2/17/18,66500,A
2/18/18,55900,A
2/19/18,34100,A
2/20/18,35900,A
2/21/18,60100,A
2/22/18,47300,A
2/23/18,39400,A
2/24/18,33200,A
2/25/18,41400,A
2/26/18,40600,A
2/27/18,38700,A
2/28/18,34100,A
3/1/18,26500,A
3/2/18,25300,A
3/3/18,24900,A
3/4/18,23600,A
3/5/18,21400,A
3/6/18,18400,A
3/7/18,17600,A
3/8/18,16000,A
3/9/18,13500,A
3/10/18,11700,A
3/11/18,10600,A
3/12/18,11300,A
3/13/18,10700,A
3/14/18,12400,A
3/15/18,11500,A
3/16/18,14000,A
3/17/18,16000,A
3/18/18,22000,A
3/19/18,28600,A
3/20/18,32400,A
3/21/18,47100,A
3/22/18,61000,A
3/23/18,49400,A
3/24/18,38600,A
3/25/18,33600,A
3/26/18,28800,A
3/27/18,31000,A
3/28/18,36500,A
3/29/18,49600,A
3/30/18,63700,A
3/31/18,57700,A
4/1/18,43500,A
4/2/18,32100,A
4/3/18,30100,A
4/4/18,36000,A
4/5/18,38900,A
4/6/18,31400,A
4/7/18,24500,A
4/8/18,20100,A
4/9/18,17600,A
4/10/18,15300,A
4/11/18,14600,A
4/12/18,13600,A
4/13/18,12100,A
4/14/18,11500,A
4/15/18,12700,A
4/16/18,66000,A
4/17/18,118000,A
4/18/18,91500,A
4/19/18,66700,A
4/20/18,47800,A
4/21/18,33400,A
4/22/18,24500,A
4/23/18,19600,A
4/24/18,20000,A
4/25/18,22300,A
4/26/18,40700,A
4/27/18,45000,A
4/28/18,34800,A
4/29/18,28400,A
4/30/18,22000,A
5/1/18,17900,A
5/2/18,16500,A
5/3/18,13700,A
5/4/18,13300,A
5/5/18,13100,A
5/6/18,53000,A
5/7/18,101000,A
5/8/18,74700,A
5/9/18,50900,A
5/10/18,34200,A
5/11/18,24500,A
5/12/18,20100,A
5/13/18,17600,A
5/14/18,12500,A
5/15/18,11200,A
5/16/18,11500,A
5/17/18,13900,A
5/18/18,32600,A
5/19/18,52000,A
5/20/18,50800,A
5/21/18,54700,A
5/22/18,49100,A
5/23/18,47000,A
5/24/18,44400,A
5/25/18,34800,A
5/26/18,24700,A
5/27/18,20000,A
5/28/18,24900,A
5/29/18,26900,A
5/30/18,21100,A
5/31/18,18400,A
6/1/18,19600,A
6/2/18,20700,A
6/3/18,18500,A
6/4/18,23200,A
6/5/18,20600,A
6/6/18,15000,A
6/7/18,11900,A
6/8/18,8810,A
6/9/18,8830,A
6/10/18,8210,A
6/11/18,7780,A:e
6/12/18,8710,A
6/13/18,9900,A
6/14/18,8560,A
6/15/18,8440,A
6/16/18,7570,A
6/17/18,7390,A
6/18/18,6450,A
6/19/18,5420,A
6/20/18,5470,A
6/21/18,6900,A
6/22/18,12000,A
6/23/18,10700,A
6/24/18,11400,A
6/25/18,12900,A
6/26/18,11800,A
6/27/18,9160,A
6/28/18,11100,A
6/29/18,8780,A
6/30/18,8250,A
7/1/18,6850,A
7/2/18,5430,A
7/3/18,5540,A
7/4/18,4850,A
7/5/18,5280,A
7/6/18,7210,A
7/7/18,7180,A
7/8/18,7280,A
7/9/18,6900,A
7/10/18,6370,A
7/11/18,5140,A
7/12/18,4320,A
7/13/18,3940,A
7/14/18,3460,A
7/15/18,3340,A
7/16/18,4350,A
7/17/18,6810,A
7/18/18,6900,A
7/19/18,5810,A
7/20/18,6660,A
7/21/18,6140,A
7/22/18,6950,A
7/23/18,5500,A
7/24/18,5710,A
7/25/18,6660,A
7/26/18,7340,A
7/27/18,7260,A
7/28/18,7240,A
7/29/18,5760,A
7/30/18,5870,A
7/31/18,9080,A
8/1/18,9910,A
8/2/18,14600,A
8/3/18,17800,A
8/4/18,33500,A
8/5/18,35800,A
8/6/18,23200,A
8/7/18,15700,A
8/8/18,12800,A
8/9/18,11300,A
8/10/18,9410,A
8/11/18,7180,A
8/12/18,6200,A
8/13/18,5780,A
8/14/18,6010,A
8/15/18,7050,A
8/16/18,7330,A
8/17/18,6620,A
8/18/18,19100,A
8/19/18,21000,A
8/20/18,12600,A
8/21/18,10700,A
8/22/18,10600,A
8/23/18,10200,A
8/24/18,9210,A
8/25/18,8970,A
8/26/18,6970,A
8/27/18,6350,A
8/28/18,5000,A
8/29/18,4710,A
8/30/18,4620,A
8/31/18,4880,A
9/1/18,6700,A
9/2/18,6090,A
9/3/18,5370,A
9/4/18,5280,A
9/5/18,5470,A
9/6/18,4730,A
9/7/18,5080,A
9/8/18,5910,A
9/9/18,11800,A
9/10/18,21000,A
9/11/18,38900,A
9/12/18,36500,A
9/13/18,26500,A
9/14/18,18100,A
9/15/18,13100,A
9/16/18,13000,A
9/17/18,12100,A
9/18/18,29100,A
9/19/18,53800,A
9/20/18,48000,A
9/21/18,29600,A
9/22/18,17900,A
9/23/18,16900,A
9/24/18,34600,A
9/25/18,30900,A
9/26/18,26400,A
9/27/18,32600,A
9/28/18,89800,A
9/29/18,83100,A
9/30/18,52100,A
10/1/18,33500,A
10/2/18,25900,A
10/3/18,20500,A
10/4/18,17700,A
10/5/18,15600,A
10/6/18,12400,A
10/7/18,11600,A
10/8/18,10700,A
10/9/18,8640,A
10/10/18,8310,A
10/11/18,16200,A
10/12/18,53900,A
10/13/18,74000,A
10/14/18,64100,A
10/15/18,53200,A
10/16/18,45200,A
10/17/18,31600,A
10/18/18,27500,A
10/19/18,19400,A
10/20/18,16700,A
10/21/18,18200,A
10/22/18,15000,A
10/23/18,12500,A
10/24/18,12700,A
10/25/18,10100,A
10/26/18,9650,A
10/27/18,10800,A
10/28/18,12700,A
10/29/18,13700,A
10/30/18,11900,A
10/31/18,13400,A
11/1/18,15100,A
11/2/18,16300,A
11/3/18,14400,A
11/4/18,16600,A
11/5/18,16800,A
11/6/18,20600,A
11/7/18,30200,A
11/8/18,35300,A
11/9/18,33100,A
11/10/18,32800,A
11/11/18,34200,A
11/12/18,31300,A
11/13/18,28800,A
11/14/18,33200,A
11/15/18,42000,A
11/16/18,62000,A
11/17/18,65200,A
11/18/18,49300,A
11/19/18,38300,A
11/20/18,33500,A
11/21/18,28400,A
11/22/18,26000,A
11/23/18,22700,A
11/24/18,23400,A
11/25/18,23900,A
11/26/18,33800,A
11/27/18,32400,A
11/28/18,30700,A
11/29/18,25600,A
11/30/18,20800,A
12/1/18,25500,A
12/2/18,30100,A
12/3/18,30300,A
12/4/18,25800,A
12/5/18,23900,A
12/6/18,21100,A
12/7/18,17900,A
12/8/18,16600,A
12/9/18,14900,A
12/10/18,13000,A
12/11/18,14300,A
12/12/18,13700,A
12/13/18,12700,A
12/14/18,13300,A
12/15/18,24200,A
12/16/18,56300,A
12/17/18,77300,A
12/18/18,69700,A
12/19/18,55700,A
12/20/18,42800,A
12/21/18,52100,A
12/22/18,99400,A
12/23/18,97600,A
12/24/18,79600,A
12/25/18,63300,A
12/26/18,49900,A
12/27/18,35500,A
12/28/18,33300,A
12/29/18,41400,A
12/30/18,57600,A
12/31/18,55400,A
1/1/19,48300,A
1/2/19,39500,A
1/3/19,32600,A
1/4/19,29000,A
1/5/19,27300,A
1/6/19,34000,A
1/7/19,34400,A
1/8/19,30300,A
1/9/19,26400,A
1/10/19,23300,A
1/11/19,21500,A
1/12/19,17500,A
1/13/19,16500,A
1/14/19,17300,A
1/15/19,17600,A
1/16/19,16500,A
1/17/19,16100,A
1/18/19,15600,A
1/19/19,17300,A
1/20/19,44900,A
1/21/19,73900,A
1/22/19,62100,A
1/23/19,41300,A
1/24/19,51500,A
1/25/19,68200,A
1/26/19,66800,A
1/27/19,50200,A
1/28/19,35900,A
1/29/19,28600,A
1/30/19,23500,A
1/31/19,18500,A
2/1/19,18200,A
2/2/19,15900,A
2/3/19,15900,A
2/4/19,15600,A
2/5/19,15700,A
2/6/19,16000,A
2/7/19,18300,A
2/8/19,25600,A
2/9/19,32600,A
2/10/19,31500,A
2/11/19,32500,A
2/12/19,37300,A
2/13/19,47900,A
2/14/19,54900,A
2/15/19,45300,A
2/16/19,33800,A
2/17/19,26400,A
2/18/19,36000,A
2/19/19,51800,A
2/20/19,52400,A
2/21/19,67600,A
2/22/19,81400,A
2/23/19,90400,A
2/24/19,121000,A
2/25/19,123000,A
2/26/19,99800,A
2/27/19,77600,A
2/28/19,63200,A
3/1/19,55600,A
3/2/19,49700,A
3/3/19,47500,A
3/4/19,57300,A
3/5/19,60700,A
3/6/19,47400,A
3/7/19,35400,A
3/8/19,29400,A
3/9/19,26700,A
3/10/19,29200,A
3/11/19,36400,A
3/12/19,40200,A
3/13/19,34900,A
3/14/19,29500,A
3/15/19,24100,A
3/16/19,22700,A
3/17/19,19600,A
3/18/19,17000,A
3/19/19,15300,A
3/20/19,14600,A
3/21/19,13400,A
3/22/19,13500,A
3/23/19,13200,A
3/24/19,12100,A
3/25/19,11700,A
3/26/19,11100,A
3/27/19,10300,A
3/28/19,10000,A
3/29/19,10100,A
3/30/19,9400,A
3/31/19,10500,A
4/1/19,9230,A
4/2/19,7110,A
4/3/19,6670,A
4/4/19,7310,A
4/5/19,7540,A
4/6/19,7000,A
4/7/19,8180,A
4/8/19,10000,A
4/9/19,10000,A
4/10/19,11300,A
4/11/19,10400,A
4/12/19,10400,A
4/13/19,9600,A
4/14/19,12000,A
4/15/19,17200,A
4/16/19,38200,A
4/17/19,38900,A
4/18/19,26500,A
4/19/19,22100,A
4/20/19,33400,A
4/21/19,59400,A
4/22/19,57800,A
4/23/19,47400,A
4/24/19,32700,A
4/25/19,21300,A
4/26/19,21300,A
4/27/19,25200,A
4/28/19,28100,A
4/29/19,26400,A
4/30/19,21400,A
5/1/19,16800,A
5/2/19,16100,A
5/3/19,17100,A
5/4/19,18600,A
5/5/19,38300,A
5/6/19,39700,A
5/7/19,30200,A
5/8/19,22700,A
5/9/19,18800,A
5/10/19,16100,A
5/11/19,13700,A
5/12/19,15800,A
5/13/19,17400,A
5/14/19,24500,A
5/15/19,25300,A
5/16/19,23400,A
5/17/19,19900,A
5/18/19,27900,A
5/19/19,21100,A
5/20/19,17500,A
5/21/19,16300,A
5/22/19,13700,A
5/23/19,11700,A
5/24/19,11800,A
5/25/19,11000,A
5/26/19,9530,A
5/27/19,9750,A
5/28/19,10100,A
5/29/19,8860,A
5/30/19,10400,A
5/31/19,15800,A
6/1/19,21500,A
6/2/19,15000,A
6/3/19,12600,A
6/4/19,12400,A
6/5/19,11000,A
6/6/19,14900,A
6/7/19,13900,A
6/8/19,14600,A
6/9/19,16000,A
6/10/19,17900,A
6/11/19,37200,A
6/12/19,37700,A
6/13/19,21700,A
6/14/19,18100,A
6/15/19,13900,A
6/16/19,9960,A
6/17/19,9780,A
6/18/19,8560,A
6/19/19,7820,A
6/20/19,13900,A
6/21/19,16800,A
6/22/19,12800,A
6/23/19,10900,A
6/24/19,9260,A
6/25/19,12500,A
6/26/19,12500,A
6/27/19,11500,A
6/28/19,13300,A
6/29/19,7900,A
6/30/19,6420,A
7/1/19,7110,A
7/2/19,6910,A
7/3/19,6140,A
7/4/19,6270,A
7/5/19,5850,A
7/6/19,6630,A
7/7/19,8930,A
7/8/19,9300,A
7/9/19,9590,A
7/10/19,7640,A
7/11/19,6840,A
7/12/19,6900,A
7/13/19,8210,A
7/14/19,9000,A
7/15/19,7980,A
7/16/19,5960,A
7/17/19,4850,A
7/18/19,5160,A
7/19/19,5590,A
7/20/19,5190,A
7/21/19,5130,A
7/22/19,6080,A
7/23/19,10100,A
7/24/19,10900,A
7/25/19,13000,A
7/26/19,9990,A
7/27/19,7620,A
7/28/19,5630,A
7/29/19,5100,A
7/30/19,4400,A
7/31/19,4650,A
8/1/19,4580,A
8/2/19,4420,A
8/3/19,4980,A
8/4/19,5840,A
8/5/19,5320,A
8/6/19,5080,A
8/7/19,4850,A
8/8/19,4710,A
8/9/19,4240,A
8/10/19,3560,A
8/11/19,3600,A
8/12/19,3890,A
8/13/19,4250,A
8/14/19,4860,A
8/15/19,3970,A
8/16/19,4180,A
8/17/19,3200,A
8/18/19,2950,A
8/19/19,2570,A
8/20/19,2560,A
8/21/19,2770,A
8/22/19,2550,A
8/23/19,4260,A
8/24/19,4310,A
8/25/19,3750,A
8/26/19,4100,A
8/27/19,4040,A
8/28/19,4280,A
8/29/19,3170,A
8/30/19,3190,A
8/31/19,3100,A
9/1/19,2560,A
9/2/19,2430,A
9/3/19,3360,A
9/4/19,3220,A
9/5/19,2010,A
9/6/19,2710,A:e
9/7/19,3390,A
9/8/19,3190,A
9/9/19,3710,A
9/10/19,3200,A
9/11/19,2640,A
9/12/19,2400,A
9/13/19,1930,A
9/14/19,3610,A
9/15/19,2970,A
9/16/19,3060,A
9/17/19,2670,A
9/18/19,2030,A
9/19/19,2330,A
9/20/19,2380,A
9/21/19,3250,A
9/22/19,3560,A
9/23/19,3550,A
9/24/19,2920,A
9/25/19,2070,A
9/26/19,1940,A
9/27/19,2500,A
9/28/19,3150,A
9/29/19,3180,A
9/30/19,2390,A
10/1/19,2910,A
10/2/19,2580,A
10/3/19,3180,A
10/4/19,3860,A
10/5/19,3330,A
10/6/19,3650,A
10/7/19,3710,A
10/8/19,2890,A
10/9/19,3150,A
10/10/19,3490,A
10/11/19,2740,A
10/12/19,3950,A
10/13/19,3970,A
10/14/19,3820,A
10/15/19,3040,A
10/16/19,3690,A
10/17/19,3920,A
10/18/19,3600,A
10/19/19,4390,A
10/20/19,5790,A
10/21/19,5010,A
10/22/19,7830,A
10/23/19,9520,A
10/24/19,6260,A
10/25/19,8020,A
10/26/19,5640,A
10/27/19,6590,A
10/28/19,6400,A
10/29/19,12300,A
10/30/19,10100,A
10/31/19,9590,A
11/1/19,13500,A
11/2/19,27000,A
11/3/19,24900,A
11/4/19,15500,A
11/5/19,10600,A
11/6/19,9520,A
11/7/19,8990,A
11/8/19,9000,A
11/9/19,6910,A
11/10/19,7250,A
11/11/19,5810,A
11/12/19,6150,A
11/13/19,5740,A
11/14/19,4890,A
11/15/19,4270,A
11/16/19,6110,A
11/17/19,5450,A
11/18/19,4810,A
11/19/19,4030,A
11/20/19,4520,A
11/21/19,4430,A
11/22/19,5180,A
11/23/19,5230,A
11/24/19,6870,A
11/25/19,6420,A
11/26/19,7290,A
11/27/19,10300,A
11/28/19,12100,A
11/29/19,10700,A
11/30/19,9740,A
12/1/19,10400,A
12/2/19,26100,A
12/3/19,33600,A
12/4/19,25000,A
12/5/19,18000,A
12/6/19,14900,A
12/7/19,11600,A
12/8/19,12100,A
12/9/19,10800,A
12/10/19,16300,A
12/11/19,29800,A
12/12/19,30000,A
12/13/19,24700,A
12/14/19,22900,A
12/15/19,38600,A
12/16/19,48800,A
12/17/19,61300,A
12/18/19,50700,A
12/19/19,43500,A
12/20/19,27900,A
12/21/19,20400,A
12/22/19,15500,A
12/23/19,13100,A
12/24/19,10800,A
12/25/19,9460,A
12/26/19,8310,A
12/27/19,8230,A
12/28/19,7870,A
12/29/19,6830,A
12/30/19,6690,A
12/31/19,7350,A
1/1/20,7680,A
1/2/20,7800,A
1/3/20,8770,A
1/4/20,12000,A
1/5/20,20700,A
1/6/20,23100,A
1/7/20,22100,A
1/8/20,18700,A
1/9/20,15200,A
1/10/20,13600,A
1/11/20,14000,A
1/12/20,31500,A
1/13/20,41200,A
1/14/20,48100,A
1/15/20,38400,A
1/16/20,27800,A
1/17/20,22400,A
1/18/20,18900,A
1/19/20,17800,A
1/20/20,15600,A
1/21/20,12900,A
1/22/20,13000,A
1/23/20,11700,A
1/24/20,11400,A
1/25/20,17100,A
1/26/20,38300,A
1/27/20,40800,A
1/28/20,30100,A
1/29/20,23000,A
1/30/20,18300,A
1/31/20,14500,A
2/1/20,13800,A
2/2/20,13100,A
2/3/20,12100,A
2/4/20,11500,A
2/5/20,13000,A
2/6/20,32200,A
2/7/20,102000,A
2/8/20,107000,A
2/9/20,88300,A
2/10/20,71800,A
2/11/20,93600,A
2/12/20,102000,A
2/13/20,88700,A
2/14/20,80900,A
2/15/20,66200,A
2/16/20,53900,A
2/17/20,42000,A
2/18/20,33900,A
2/19/20,27700,A
2/20/20,25200,A
2/21/20,22500,A
2/22/20,20300,A
2/23/20,17100,A
2/24/20,14600,A
2/25/20,13800,A
2/26/20,15300,A
2/27/20,22400,A
2/28/20,31100,A
2/29/20,30100,A
3/1/20,23300,A
3/2/20,19800,A
3/3/20,20500,A
3/4/20,26400,A
3/5/20,27900,A
3/6/20,33000,A
3/7/20,25300,A
3/8/20,20100,A
3/9/20,17100,A
3/10/20,17000,A
3/11/20,19100,A
3/12/20,21200,A
3/13/20,28300,A
3/14/20,41700,A
3/15/20,38400,A
3/16/20,36300,A
3/17/20,33800,A
3/18/20,27400,A
3/19/20,25500,A
3/20/20,27800,A
3/21/20,40200,A
3/22/20,45700,A
3/23/20,39900,A
3/24/20,36800,A
3/25/20,38700,A
3/26/20,51900,A
3/27/20,53300,A
3/28/20,45500,A
3/29/20,33900,A
3/30/20,25800,A
3/31/20,21700,A
4/1/20,19500,A
4/2/20,22100,A
4/3/20,22500,A
4/4/20,18300,A
4/5/20,15900,A
4/6/20,14400,A
4/7/20,13600,A
4/8/20,19600,A
4/9/20,34300,A
4/10/20,32100,A
4/11/20,27200,A
4/12/20,22700,A
4/13/20,42000,A
4/14/20,80800,A
4/15/20,74800,A
4/16/20,62200,A
4/17/20,52500,A
4/18/20,45400,A
4/19/20,30300,A
4/20/20,24600,A
4/21/20,23000,A
4/22/20,22300,A
4/23/20,20800,A
4/24/20,24700,A
4/25/20,38200,A
4/26/20,45900,A
4/27/20,58600,A
4/28/20,59200,A
4/29/20,47800,A
4/30/20,57700,A
5/1/20,80000,A
5/2/20,75600,A
5/3/20,59400,A
5/4/20,61000,A
5/5/20,61500,A
5/6/20,48600,A
5/7/20,41500,A
5/8/20,34600,A
5/9/20,33900,A
5/10/20,35600,A
5/11/20,30300,A
5/12/20,24500,A
5/13/20,21000,A
5/14/20,18200,A
5/15/20,16200,A:e
5/16/20,15800,A
5/17/20,14200,A
5/18/20,14600,A
5/19/20,13800,A
5/20/20,26900,A
5/21/20,66800,A
5/22/20,75300,A
5/23/20,84600,A
5/24/20,74200,A
5/25/20,66100,A
5/26/20,60400,A
5/27/20,54900,A
5/28/20,64900,A
5/29/20,66200,A
5/30/20,60600,A
5/31/20,52900,A
6/1/20,45600,A
6/2/20,38400,A
6/3/20,23600,A
6/4/20,17900,A
6/5/20,22700,A
6/6/20,28600,A
6/7/20,30800,A
6/8/20,24500,A
6/9/20,16900,A
6/10/20,14500,A
6/11/20,12800,A
6/12/20,12900,A
6/13/20,15300,A
6/14/20,12500,A
6/15/20,20600,A
6/16/20,34500,A
6/17/20,33500,A
6/18/20,46300,A
6/19/20,66800,A
6/20/20,66500,A
6/21/20,53600,A
6/22/20,42900,A
6/23/20,29800,A
6/24/20,23500,A
6/25/20,21300,A
6/26/20,17500,A
6/27/20,14800,A
6/28/20,12200,A
6/29/20,11700,A
6/30/20,10500,A
7/1/20,11200,A
7/2/20,11000,A
7/3/20,10700,A
7/4/20,8240,A
7/5/20,8000,A
7/6/20,7750,A
7/7/20,7200,A
7/8/20,7370,A
7/9/20,7660,A
7/10/20,7120,A
7/11/20,5560,A
7/12/20,6910,A
7/13/20,7210,A
7/14/20,6060,A
7/15/20,5570,A
7/16/20,6200,A
7/17/20,4730,A
7/18/20,4930,A
7/19/20,6050,A
7/20/20,5840,A
7/21/20,5450,A
7/22/20,4770,A
7/23/20,6130,A
7/24/20,6670,A
7/25/20,6930,A
7/26/20,7560,A
7/27/20,6460,A
7/28/20,6170,A
7/29/20,5250,A
7/30/20,5970,A
7/31/20,7220,A
8/1/20,8880,A
8/2/20,14200,A
8/3/20,13600,A
8/4/20,7640,A
8/5/20,5770,A
8/6/20,5080,A
8/7/20,3900,A
8/8/20,5910,A
8/9/20,7340,A
8/10/20,6190,A
8/11/20,6180,A
8/12/20,4680,A
8/13/20,5460,A
8/14/20,6890,A
8/15/20,15800,A
8/16/20,26500,A
8/17/20,31000,A
8/18/20,20000,A
8/19/20,13200,A
8/20/20,10000,A
8/21/20,8220,A
8/22/20,6970,A
8/23/20,7930,A
8/24/20,7290,A
8/25/20,12400,A
8/26/20,9760,A
8/27/20,7690,A
8/28/20,17700,A
8/29/20,18600,A
8/30/20,23100,A
8/31/20,20600,A
9/1/20,30300,A
9/2/20,36500,A
9/3/20,33700,A
9/4/20,32100,A
9/5/20,29500,A
9/6/20,20700,A
9/7/20,13200,A
9/8/20,10600,A
9/9/20,9800,A
9/10/20,8380,A
9/11/20,6510,A
9/12/20,6350,A
9/13/20,5190,A
9/14/20,6660,A
9/15/20,8620,A
9/16/20,7080,A
9/17/20,6440,A
9/18/20,5590,A
9/19/20,8200,A
9/20/20,7210,A
9/21/20,6930,A
9/22/20,6140,A
9/23/20,5100,A
9/24/20,4190,A
9/25/20,4310,A
9/26/20,5270,A
9/27/20,9150,A
9/28/20,8840,A
9/29/20,6620,A
9/30/20,7060,A
10/1/20,11100,A
10/2/20,12700,A
10/3/20,8410,A
10/4/20,7610,A
10/5/20,6630,A
10/6/20,5940,A
10/7/20,5360,A
10/8/20,4320,A
10/9/20,4410,A
10/10/20,5350,A
10/11/20,10500,A
10/12/20,10200,A
10/13/20,12100,A
10/14/20,11800,A
10/15/20,7160,A
10/16/20,7760,A
10/17/20,6440,A
10/18/20,7080,A
10/19/20,6870,A
10/20/20,6030,A
10/21/20,5660,A
10/22/20,6050,A
10/23/20,5600,A
10/24/20,5790,A
10/25/20,4950,A
10/26/20,3810,A
10/27/20,4970,A
10/28/20,6340,A
10/29/20,13500,A
10/30/20,21000,A
10/31/20,26900,A
11/1/20,24600,A
11/2/20,25000,A
11/3/20,22200,A
11/4/20,20500,A
11/5/20,17700,A
11/6/20,13900,A
11/7/20,11300,A
11/8/20,9690,A
11/9/20,8800,A
11/10/20,6890,A
11/11/20,12200,A
11/12/20,25500,A
11/13/20,45100,A
11/14/20,44900,A
11/15/20,35700,A
11/16/20,31900,A
11/17/20,28300,A
11/18/20,25900,A
11/19/20,24700,A
11/20/20,23000,A
11/21/20,21100,A
11/22/20,20000,A
11/23/20,17100,A
11/24/20,18000,A
11/25/20,17100,A
11/26/20,14800,A
11/27/20,12300,A
11/28/20,11400,A
11/29/20,9530,A
11/30/20,10900,A
12/1/20,10900,A
12/2/20,15200,A
12/3/20,17400,A
12/4/20,14800,A
12/5/20,22800,A
12/6/20,37200,A
12/7/20,34300,A
12/8/20,29100,A
12/9/20,24300,A
12/10/20,20500,A
12/11/20,17400,A
12/12/20,13900,A
12/13/20,12900,A
12/14/20,18100,A
12/15/20,27700,A
12/16/20,32900,A
12/17/20,36800,A
12/18/20,34600,A
12/19/20,29900,A
12/20/20,25600,A
12/21/20,22800,A
12/22/20,22800,A
12/23/20,22500,A
12/24/20,22300,A
12/25/20,32500,A
12/26/20,49100,A
12/27/20,41600,A
12/28/20,34200,A
12/29/20,29100,A
12/30/20,25600,A
12/31/20,24000,A
1/1/21,24600,A
1/2/21,28000,A
1/3/21,36800,A
1/4/21,41400,A
1/5/21,36600,A
1/6/21,31000,A
1/7/21,26400,A
1/8/21,22600,A
1/9/21,20000,A
1/10/21,17200,A
1/11/21,16000,A
1/12/21,13300,A
1/13/21,12500,A
1/14/21,11600,A
1/15/21,11600,A
1/16/21,10900,A
1/17/21,10800,A
1/18/21,11100,A
1/19/21,10200,A
1/20/21,9750,A
1/21/21,9290,A
1/22/21,7720,A
1/23/21,8220,A
1/24/21,8210,A
1/25/21,9100,A
1/26/21,36600,A
1/27/21,59200,A
1/28/21,53500,A
1/29/21,40700,A
1/30/21,32600,A
1/31/21,28900,A
2/1/21,29500,A
2/2/21,28700,A
2/3/21,25400,A
2/4/21,22400,A
2/5/21,21200,A
2/6/21,18700,A
2/7/21,18000,A
2/8/21,16300,A
2/9/21,14800,A
2/10/21,14400,A
2/11/21,18800,A
2/12/21,29600,A
2/13/21,33900,A
2/14/21,35600,A
2/15/21,35500,A
2/16/21,37700,A
2/17/21,44300,A
2/18/21,45000,A
2/19/21,49600,A
2/20/21,46500,A
2/21/21,40000,A
2/22/21,36100,A
2/23/21,38300,A
2/24/21,36000,A
2/25/21,34600,A
2/26/21,34600,A
2/27/21,37200,A
2/28/21,53800,A
3/1/21,131000,A
3/2/21,102000,A
3/3/21,52200,A
3/4/21,58100,A
3/5/21,56000,A
3/6/21,48100,A
3/7/21,43200,A
3/8/21,40200,A
3/9/21,36600,A
3/10/21,34700,A
3/11/21,31600,A
3/12/21,27700,A
3/13/21,24900,A
3/14/21,22600,A
3/15/21,20000,A
3/16/21,16100,A
3/17/21,11900,A
3/18/21,12700,A
3/19/21,20600,A
3/20/21,25600,A
3/21/21,25500,A
3/22/21,23600,A
3/23/21,21700,A
3/24/21,19600,A
3/25/21,17400,A
3/26/21,16200,A
3/27/21,16500,A
3/28/21,21400,A
3/29/21,37400,A
3/30/21,40200,A
3/31/21,37600,A
4/1/21,38900,A
4/2/21,35500,A
4/3/21,31300,A
4/4/21,28100,A
4/5/21,26100,A
4/6/21,23900,A
4/7/21,21700,A
4/8/21,19100,A
4/9/21,17400,A
4/10/21,15500,A
4/11/21,14100,A
4/12/21,29000,A
4/13/21,30600,A
4/14/21,25600,A
4/15/21,24000,A
4/16/21,22400,A
4/17/21,21200,A
4/18/21,19800,A
4/19/21,17600,A
4/20/21,14300,A
4/21/21,13400,A
4/22/21,12500,A
4/23/21,9980,A
4/24/21,10400,A
4/25/21,11300,A
4/26/21,14300,A
4/27/21,16200,A
4/28/21,15300,A
4/29/21,14800,A
4/30/21,16500,A
5/1/21,16100,A
5/2/21,14500,A
5/3/21,13700,A
5/4/21,13800,A
5/5/21,14900,A
5/6/21,15400,A
5/7/21,14000,A
5/8/21,14000,A
5/9/21,13400,A
5/10/21,12500,A
5/11/21,12900,A
5/12/21,11100,A
5/13/21,10000,A
5/14/21,9290,A
5/15/21,8660,A
5/16/21,7410,A
5/17/21,7030,A
5/18/21,6890,A
5/19/21,7220,A
5/20/21,7220,A
5/21/21,6280,A
5/22/21,6360,A
5/23/21,5990,A
5/24/21,5240,A
5/25/21,4660,A
5/26/21,5200,A
5/27/21,5020,A
5/28/21,6180,A
5/29/21,6310,A
5/30/21,7050,A
5/31/21,6670,A
6/1/21,7870,A
6/2/21,5750,A
6/3/21,5810,A
6/4/21,5630,A
6/5/21,4720,A
6/6/21,5040,A
6/7/21,4610,A
6/8/21,5120,A
6/9/21,6630,A
6/10/21,7720,A
6/11/21,13000,A
6/12/21,21800,A
6/13/21,24500,A
6/14/21,33500,A
6/15/21,34400,A
6/16/21,24200,A
6/17/21,17100,A
6/18/21,11500,A
6/19/21,8620,A
6/20/21,6620,A
6/21/21,5650,A
6/22/21,6220,A
6/23/21,5750,A
6/24/21,5570,A
6/25/21,5070,A
6/26/21,4700,A
6/27/21,4230,A
6/28/21,3990,A
6/29/21,3790,A
6/30/21,3490,A
7/1/21,5470,A
7/2/21,8840,A
7/3/21,9450,A
7/4/21,12200,A
7/5/21,9780,A
7/6/21,5250,A
7/7/21,4850,A
7/8/21,4440,A
7/9/21,5300,A
7/10/21,5100,A
7/11/21,5640,A
7/12/21,6330,A
7/13/21,6700,A
7/14/21,6190,A
7/15/21,5750,A
7/16/21,4930,A
7/17/21,4890,A
7/18/21,4580,A
7/19/21,4850,A
7/20/21,4540,A
7/21/21,4630,A
7/22/21,4140,A
7/23/21,3720,A
7/24/21,2530,A
7/25/21,2920,A
7/26/21,2960,A
7/27/21,2630,A
7/28/21,3320,A
7/29/21,3760,A
7/30/21,2820,A
7/31/21,2520,A
8/1/21,2750,A
8/2/21,2780,A
8/3/21,2090,A
8/4/21,2530,A
8/5/21,2340,A
8/6/21,2860,A
8/7/21,2270,A
8/8/21,1990,A
8/9/21,2180,A
8/10/21,3620,A
8/11/21,3410,A
8/12/21,3040,A
8/13/21,2660,A
8/14/21,2430,A
8/15/21,3160,A
8/16/21,4290,A
8/17/21,6230,A
8/18/21,10700,A
8/19/21,15100,A
8/20/21,17100,A
8/21/21,11600,A
8/22/21,6720,A
8/23/21,6410,A
8/24/21,4860,A
8/25/21,3880,A
8/26/21,3680,A
8/27/21,4620,A
8/28/21,5340,A
8/29/21,3950,A
8/30/21,5510,A
8/31/21,8970,A
9/1/21,17100,A
9/2/21,36500,A
9/3/21,26400,A
9/4/21,16900,A
9/5/21,10600,A
9/6/21,7090,A
9/7/21,6290,A
9/8/21,5550,A
9/9/21,5400,A
9/10/21,6760,A
9/11/21,5520,A
9/12/21,5560,A
9/13/21,5780,A
9/14/21,5270,A
9/15/21,3820,A
9/16/21,3740,A
9/17/21,3570,A
9/18/21,4010,A
9/19/21,3670,A
9/20/21,4580,A
9/21/21,3410,A
9/22/21,3480,A
9/23/21,10300,A
9/24/21,16900,A
9/25/21,12300,A
9/26/21,8270,A
9/27/21,6870,A
9/28/21,5410,A
9/29/21,4710,A
9/30/21,3260,A
10/1/21,3250,A
10/2/21,4080,A
10/3/21,4050,A
10/4/21,3860,A
10/5/21,3670,A
10/6/21,2960,A
10/7/21,3710,A
10/8/21,4650,A
10/9/21,7250,A
10/10/21,8530,A
10/11/21,6800,A
10/12/21,7190,A
10/13/21,4200,A
10/14/21,3850,A
10/15/21,4360,A
10/16/21,4710,A
10/17/21,4400,A
10/18/21,4310,A
10/19/21,4020,A
10/20/21,4240,A
10/21/21,4670,A
10/22/21,4600,A
10/23/21,4100,A
10/24/21,3110,A
10/25/21,3600,A
10/26/21,3750,A
10/27/21,3960,A
10/28/21,3930,A
10/29/21,4780,A
10/30/21,5260,A
10/31/21,8340,A
11/1/21,13500,A
11/2/21,12800,A
11/3/21,12000,A
11/4/21,11800,A
11/5/21,11500,A
11/6/21,11300,A
11/7/21,8780,A
11/8/21,5440,A
11/9/21,5150,A
11/10/21,6370,A
11/11/21,5330,A
11/12/21,6320,A
11/13/21,5980,A
11/14/21,6820,A
11/15/21,7700,A
11/16/21,6810,A
11/17/21,5270,A
11/18/21,5370,A
11/19/21,5340,A
11/20/21,4240,A
11/21/21,3000,A
11/22/21,3800,A
11/23/21,5900,A
11/24/21,5410,A
11/25/21,5640,A
11/26/21,5580,A
11/27/21,4950,A
11/28/21,6110,A
11/29/21,5600,A
11/30/21,5650,A
12/1/21,5750,A
12/2/21,4970,A
12/3/21,4450,A
12/4/21,3690,A
12/5/21,2850,A
12/6/21,2880,A
12/7/21,3670,A
12/8/21,4680,A
12/9/21,2930,A
12/10/21,2660,A
12/11/21,4230,A
12/12/21,4700,A
12/13/21,4430,A
12/14/21,5120,A
12/15/21,5100,A
12/16/21,4350,A
12/17/21,4080,A
12/18/21,4460,A
12/19/21,4530,A
12/20/21,5510,A
12/21/21,5130,A
12/22/21,4930,A
12/23/21,4670,A
12/24/21,3390,A
12/25/21,3800,A
12/26/21,3970,A
12/27/21,3990,A
12/28/21,4050,A
12/29/21,6180,A
12/30/21,7870,A
12/31/21,8170,A
1/1/22,14100,A
1/2/22,50200,A
1/3/22,57700,A
1/4/22,48800,A
1/5/22,38200,A
1/6/22,29600,A
1/7/22,19500,A
1/8/22,14600,A
1/9/22,18900,A
1/10/22,40900,A
1/11/22,41200,A
1/12/22,38000,A
1/13/22,28600,A
1/14/22,21800,A
1/15/22,15400,A
1/16/22,13900,A
1/17/22,11500,A
1/18/22,11600,A
1/19/22,10300,A
1/20/22,19000,A
1/21/22,21400,A
1/22/22,19000,A
1/23/22,16100,A
1/24/22,14200,A
1/25/22,13000,A
1/26/22,10500,A
1/27/22,9310,A
1/28/22,8740,A
1/29/22,8900,A
1/30/22,7990,A
1/31/22,7460,A
2/1/22,6660,A
2/2/22,6650,A
2/3/22,7980,A
2/4/22,40200,A
2/5/22,75900,A
2/6/22,65300,A
2/7/22,46800,A
2/8/22,38000,A
2/9/22,30100,A
2/10/22,25000,A
2/11/22,19300,A
2/12/22,14400,A
2/13/22,11200,A
2/14/22,10800,A
2/15/22,9790,A
2/16/22,9630,A
2/17/22,10600,A
2/18/22,16200,A
2/19/22,18200,A
2/20/22,24100,A
2/21/22,20200,A
2/22/22,17300,A
2/23/22,17400,A
2/24/22,19800,A
2/25/22,47600,A
2/26/22,63200,A
2/27/22,55300,A
2/28/22,44400,A
3/1/22,33900,A
3/2/22,30100,A
3/3/22,27400,A
3/4/22,22900,A
3/5/22,19000,A
3/6/22,15900,A
3/7/22,19500,A
3/8/22,24300,A
3/9/22,27700,A
3/10/22,34600,A
3/11/22,33400,A
3/12/22,30500,A
3/13/22,25700,A
3/14/22,23700,A
3/15/22,23900,A
3/16/22,21800,A
3/17/22,19200,A
3/18/22,20000,A
3/19/22,17900,A
3/20/22,15700,A
3/21/22,14800,A
3/22/22,13400,A
3/23/22,11600,A
3/24/22,12800,A
3/25/22,15000,A
3/26/22,16400,A
3/27/22,14700,A
3/28/22,11100,A
3/29/22,9470,A
3/30/22,8720,A
3/31/22,9650,A
4/1/22,10000,A
4/2/22,10700,A
4/3/22,13900,A
4/4/22,13200,A
4/5/22,10800,A
4/6/22,13300,A
4/7/22,21900,A
4/8/22,37600,A
4/9/22,34800,A
4/10/22,30800,A
4/11/22,25700,A
4/12/22,21000,A
4/13/22,18200,A
4/14/22,15600,A
4/15/22,12800,A
4/16/22,12000,A
4/17/22,10500,A
4/18/22,10700,A
4/19/22,12400,A
4/20/22,14500,A
4/21/22,17000,A
4/22/22,14600,A
4/23/22,12600,A
4/24/22,12600,A
4/25/22,11200,A
4/26/22,11700,A
4/27/22,11300,A
4/28/22,10400,A
4/29/22,9050,A
4/30/22,9220,A
5/1/22,11200,A
5/2/22,10900,A
5/3/22,9630,A
5/4/22,11200,A
5/5/22,10300,A
5/6/22,18200,A
5/7/22,51300,A
5/8/22,75000,A
5/9/22,62200,A
5/10/22,40200,A
5/11/22,27400,A
5/12/22,20700,A
5/13/22,15700,A
5/14/22,11600,A
5/15/22,10600,A
5/16/22,11400,A
5/17/22,11000,A
5/18/22,10500,A
5/19/22,8140,A
5/20/22,7210,A
5/21/22,7370,A
5/22/22,6550,A
5/23/22,7000,A
5/24/22,8620,A
5/25/22,20000,A
5/26/22,22900,A
5/27/22,28600,A
5/28/22,40700,A
5/29/22,43300,A
5/30/22,34500,A
5/31/22,28500,A
6/1/22,24700,A
6/2/22,22100,A
6/3/22,20100,A
6/4/22,17400,A
6/5/22,13200,A
6/6/22,8220,A
6/7/22,6400,A
6/8/22,4880,A
6/9/22,9220,A
6/10/22,10100,A
6/11/22,9340,A
6/12/22,7730,A
6/13/22,6320,A
6/14/22,10900,A
6/15/22,9600,A
6/16/22,9800,A
6/17/22,8280,A
6/18/22,11800,A
6/19/22,10600,A
6/20/22,8100,A
6/21/22,6010,A
6/22/22,5260,A
6/23/22,10800,A
6/24/22,7940,A
6/25/22,6770,A
6/26/22,5980,A
6/27/22,12300,A
6/28/22,19200,A:e
6/29/22,9810,A
6/30/22,7760,A
7/1/22,6270,A
7/2/22,5240,A
7/3/22,6340,A
7/4/22,6820,A
7/5/22,6510,A
7/6/22,8470,A
7/7/22,14200,A
7/8/22,13200,A
7/9/22,13400,A
7/10/22,14100,A
7/11/22,13000,A
7/12/22,12300,A
7/13/22,13100,A
7/14/22,8960,A
7/15/22,10300,A
7/16/22,6140,A
7/17/22,5700,A
7/18/22,5740,A
7/19/22,6180,A
7/20/22,5480,A
7/21/22,7930,A
7/22/22,7660,A
7/23/22,5350,A
7/24/22,4660,A
7/25/22,4490,A
7/26/22,4920,A
7/27/22,26500,A
7/28/22,42400,A
7/29/22,39200,A
7/30/22,27800,A
7/31/22,22900,A
8/1/22,31600,A
8/2/22,34300,A
8/3/22,31000,A
8/4/22,21100,A
8/5/22,13800,A
8/6/22,14000,A
8/7/22,16800,A
8/8/22,16300,A
8/9/22,13700,A
8/10/22,10800,A
8/11/22,13700,A
8/12/22,23100,A
8/13/22,15800,A
8/14/22,11000,A
8/15/22,22600,A
8/16/22,15800,A
8/17/22,17900,A
8/18/22,17200,A
8/19/22,13400,A
8/20/22,10300,A
8/21/22,12400,A
8/22/22,14800,A
8/23/22,21600,A
8/24/22,17100,A
8/25/22,10400,A
8/26/22,8120,A
8/27/22,6330,A
8/28/22,6130,A
8/29/22,5720,A
8/30/22,6360,A
8/31/22,5920,A
9/1/22,6390,A
9/2/22,5280,A
9/3/22,4420,A
9/4/22,4450,A
9/5/22,5490,A
9/6/22,19800,A
9/7/22,23700,A
9/8/22,23200,A
9/9/22,13600,A
9/10/22,11900,A
9/11/22,10100,A
9/12/22,10300,A
9/13/22,10700,A
9/14/22,11200,A
9/15/22,9310,A
9/16/22,6760,A
9/17/22,6880,A
9/18/22,6340,A
9/19/22,5190,A
9/20/22,5620,A
9/21/22,4770,A
9/22/22,4250,A
9/23/22,4390,A
9/24/22,4710,A
9/25/22,4840,A
9/26/22,4550,A
9/27/22,4660,A
9/28/22,3490,A
9/29/22,5880,A
9/30/22,5540,A
10/1/22,11600,A
10/2/22,28900,A
10/3/22,35400,A
10/4/22,34800,A
10/5/22,24400,A
10/6/22,18500,A
10/7/22,11900,A
10/8/22,7990,A
10/9/22,7800,A
10/10/22,6600,A
10/11/22,5550,A
10/12/22,4360,A
10/13/22,4380,A
10/14/22,4040,A
10/15/22,4120,A
10/16/22,5710,A
10/17/22,5740,A
10/18/22,4540,A
10/19/22,5490,A
10/20/22,5130,A
10/21/22,3820,A
10/22/22,4100,A
10/23/22,4650,A
10/24/22,3970,A
10/25/22,3920,A
10/26/22,3580,A
10/27/22,4690,A
10/28/22,4040,A
10/29/22,3690,A
10/30/22,4220,A
10/31/22,4490,A
11/1/22,4460,A
11/2/22,4990,A
11/3/22,6350,A
11/4/22,6260,A
11/5/22,6150,A
11/6/22,6850,A
11/7/22,10200,A
11/8/22,11400,A
11/9/22,13200,A
11/10/22,9780,A
11/11/22,12400,A
11/12/22,22700,A
11/13/22,42000,A
11/14/22,40900,A
11/15/22,31400,A
11/16/22,32200,A
11/17/22,31900,A
11/18/22,30000,A
11/19/22,26400,A
11/20/22,22100,A
11/21/22,15900,A
11/22/22,13400,A
11/23/22,11600,A
11/24/22,9930,A
11/25/22,9910,A
11/26/22,8940,A
11/27/22,9140,A
11/28/22,8530,A
11/29/22,7920,A
11/30/22,10600,A
12/1/22,12200,A
12/2/22,12500,A
12/3/22,12600,A
12/4/22,12600,A
12/5/22,12700,A
12/6/22,13900,A
12/7/22,16200,A
12/8/22,27700,A
12/9/22,29400,A
12/10/22,30400,A
12/11/22,28300,A
12/12/22,23900,A
12/13/22,21100,P
12/14/22,18200,P
12/15/22,15100,P
12/16/22,18600,P
12/17/22,23100,P
12/18/22,22900,P
12/19/22,19500,P
12/20/22,16700,P
12/21/22,12600,P
12/22/22,11800,P
12/23/22,11500,P
12/24/22,15400,P
12/25/22,16700,P
12/26/22,14200,P
12/27/22,8760,P
12/28/22,10600,P
12/29/22,9510,P
12/30/22,9940,P
12/31/22,9070,P